type,side,n,q,batch,route,nb,ms,sd_pct
float,Left,64,256,128,native,32,0.0524078,2.569274039360553
float,Left,64,1024,128,native,32,0.100827,0.4231971594910094
float,Left,64,4096,128,native,32,0.538754,0.4182316975836839
float,Left,64,256,128,native,64,0.052403,2.414689998664199
float,Left,64,1024,128,native,64,0.100896,1.7593660799238822
float,Left,64,4096,128,native,64,0.539436,0.6937579249438303
float,Left,64,256,128,native,128,0.0524671,2.748122156551439
float,Left,64,1024,128,native,128,0.101014,1.0934424931197655
float,Left,64,4096,128,native,128,0.540096,0.6922436011375755
float,Left,64,256,128,native,256,0.0528077,3.8034983534598177
float,Left,64,1024,128,native,256,0.101112,2.55288195268613
float,Left,64,4096,128,native,256,0.539125,0.5596308833758405
float,Left,64,256,512,vendor,-,0.254114,3.760359523678349
float,Left,64,1024,512,vendor,-,0.935828,0.4381638506221229
float,Left,64,4096,512,vendor,-,3.58478,0.038082392782820704
float,Left,64,256,512,native,32,0.107517,0.8398988067003358
float,Left,64,1024,512,native,32,0.537724,0.08961418869159643
float,Left,64,4096,512,native,32,2.14949,0.5361969583482593
float,Left,64,256,512,native,64,0.106851,3.61642848452518
float,Left,64,1024,512,native,64,0.540749,0.49139064519767944
float,Left,64,4096,512,native,64,2.15092,0.19046779982519108
float,Left,64,256,512,native,128,0.106331,5.234842143871496
float,Left,64,1024,512,native,128,0.543352,0.5295038943447342
float,Left,64,4096,512,native,128,2.15526,0.7218247450423614
float,Left,64,256,512,native,256,0.105456,4.372790547716583
float,Left,64,1024,512,native,256,0.539436,0.5332829102989048
float,Left,64,4096,512,native,256,2.14999,0.18680133395969284
float,Left,128,256,128,vendor,-,0.166067,4.218791210776374
float,Left,128,1024,128,vendor,-,0.594868,0.9402422049933769
float,Left,128,4096,128,vendor,-,2.30637,1.1186496529177885
float,Left,128,256,128,native,32,0.141261,3.5699591536234343
float,Left,128,1024,128,native,32,0.348301,0.23484457408965234
float,Left,128,4096,128,native,32,1.69728,0.17878664687028656
float,Left,128,256,128,native,64,0.150682,4.496522477800931
float,Left,128,1024,128,native,64,0.423859,0.6252928450262941
float,Left,128,4096,128,native,64,1.98066,0.2595124857370775
float,Left,128,256,128,native,128,0.137986,4.0332062673024796
float,Left,128,1024,128,native,128,0.348083,0.4608383632639342
float,Left,128,4096,128,native,128,1.69837,0.5364484770691899
float,Left,128,256,128,native,256,0.142407,2.7355186191690013
float,Left,128,1024,128,native,256,0.3478,0.9569206440483037
float,Left,128,4096,128,native,256,1.69902,0.2006444891761133
float,Left,128,256,512,vendor,-,0.594946,1.7849519116020613
float,Left,128,1024,512,vendor,-,2.32436,0.4408826515686038
float,Left,128,4096,512,vendor,-,8.924,0.1937438368444644
float,Left,128,256,512,native,32,0.356593,1.904813050172045
float,Left,128,1024,512,native,32,1.66929,0.4738781158456589
float,Left,128,4096,512,native,32,6.73082,0.1864691077758728
float,Left,128,256,512,native,64,0.438612,2.263006940074599
float,Left,128,1024,512,native,64,1.9674,0.3739376842533293
float,Left,128,4096,512,native,64,7.94599,0.22452960549912596
float,Left,128,256,512,native,128,0.360638,3.012910453141377
float,Left,128,1024,512,native,128,1.66867,0.24316911072890385
float,Left,128,4096,512,native,128,6.72156,0.07127943513113026
float,Left,128,256,512,native,256,0.359637,2.997744948378504
float,Left,128,1024,512,native,256,1.67333,0.7885832441897295
float,Left,128,4096,512,native,256,6.72827,0.1382431145004585
float,Left,256,256,128,vendor,-,0.360031,2.053892581472151
float,Left,256,1024,128,vendor,-,1.52976,1.1126189729107836
float,Left,256,4096,128,vendor,-,6.01934,0.14816391830333558
float,Left,256,256,128,native,32,0.451649,3.3486623462024716
float,Left,256,1024,128,native,32,1.62894,0.7415926921801907
float,Left,256,4096,128,native,32,7.90228,0.1969861862652298
float,Left,256,256,128,native,64,0.446699,2.5192131614353293
float,Left,256,1024,128,native,64,1.49602,0.40514832689402547
float,Left,256,4096,128,native,64,7.30988,0.21838798995332345
float,Left,256,256,128,native,128,0.324168,3.335091680856839
float,Left,256,1024,128,native,128,1.03365,0.5011860881342814
float,Left,256,4096,128,native,128,6.54898,0.4521513273822793
float,Left,256,256,128,native,256,0.451944,3.211238560529623
float,Left,256,1024,128,native,256,1.63298,0.4668893679040772
float,Left,256,4096,128,native,256,7.90228,0.2637124981650865
float,Left,256,256,512,vendor,-,1.55915,1.8282846422730332
float,Left,256,1024,512,vendor,-,6.05152,0.36159840833377405
float,Left,256,4096,512,vendor,-,23.5311,0.08858956869844589
float,Left,256,256,512,native,32,1.7654,1.8718987198368642
float,Left,256,1024,512,native,32,7.94101,0.13039273341804128
float,Left,256,4096,512,native,32,31.3175,0.057947473457332165
float,Left,256,256,512,native,64,1.61863,0.5507163465399751
float,Left,256,1024,512,native,64,7.35519,0.13939408771221407
float,Left,256,4096,512,native,64,30.2114,0.13333344366696015
float,Left,256,256,512,native,128,1.11966,2.3887876676848325
float,Left,256,1024,512,native,128,6.60008,0.33759136252893907
float,Left,256,4096,512,native,128,27.1631,0.16067422348700994
float,Left,256,256,512,native,256,1.74915,1.7560758082497212
float,Left,256,1024,512,native,256,7.94658,0.16283105436552578
float,Left,256,4096,512,native,256,31.3219,0.06280876958294357
float,Left,512,256,128,vendor,-,1.00163,1.112476663039246
float,Left,512,1024,128,vendor,-,3.6312,0.40641936549900853
float,Left,512,4096,128,vendor,-,14.3537,0.1267080961703254
float,Left,512,256,128,native,32,1.46894,0.6668747532234127
float,Left,512,1024,128,native,32,6.01123,0.1283409551788902
float,Left,512,4096,128,native,32,24.2972,0.06746909108868512
float,Left,512,256,128,native,64,1.35856,3.667022435519962
float,Left,512,1024,128,native,64,4.23877,0.3579411008382149
float,Left,512,4096,128,native,64,18.8037,0.11025117397108015
float,Left,512,256,128,native,128,0.823752,1.2811987102914468
float,Left,512,1024,128,native,128,3.2969,0.5346719645727805
float,Left,512,4096,128,native,128,18.6019,0.1297512619678635
float,Left,512,256,128,native,256,1.13401,3.417438999656088
float,Left,512,1024,128,native,256,3.93047,0.2734990980722407
float,Left,512,4096,128,native,256,18.7694,0.10094888488710346
float,Left,512,256,512,vendor,-,3.8332,1.3699128665344882
float,Left,512,1024,512,vendor,-,14.2556,0.11827913241112264
float,Left,512,256,512,native,32,6.29361,0.842727782623963
float,Left,512,1024,512,native,32,24.4942,0.09088559740673302
float,Left,512,256,512,native,64,4.50031,1.9947981361284
float,Left,512,1024,512,native,64,18.9727,0.10212990243876728
float,Left,512,256,512,native,128,3.54369,1.028806131461838
float,Left,512,1024,512,native,128,18.7974,0.13567301860895656
float,Left,512,256,512,native,256,4.23434,1.2738915627937293
float,Left,512,1024,512,native,256,18.942,0.08665188470066519
float,Right,64,256,128,vendor,-,0.0798448,3.2491157846221674
float,Right,64,1024,128,vendor,-,0.250666,0.13972178117494993
float,Right,64,4096,128,vendor,-,1.68499,0.6931198404738307
float,Right,64,256,128,native,32,0.0503481,4.012941898502625
float,Right,64,1024,128,native,32,0.127122,1.9030065606267994
float,Right,64,4096,128,native,32,0.701988,0.25377641783050425
float,Right,64,256,128,native,64,0.0511029,2.8479792731919322
float,Right,64,1024,128,native,64,0.128613,2.908376291665695
float,Right,64,4096,128,native,64,0.71228,0.5237715505138428
float,Right,64,256,128,native,128,0.0512237,3.2033999886771167
float,Right,64,1024,128,native,128,0.128326,1.33088384271309
float,Right,64,4096,128,native,128,0.715735,0.5638735006671464
float,Right,64,256,128,native,256,0.0504632,0.5915597901044721
float,Right,64,1024,128,native,256,0.127042,0.16767683128414226
float,Right,64,4096,128,native,256,0.703044,0.09217460073622705
float,Right,64,256,512,vendor,-,0.250287,3.1876805427369383
float,Right,64,1024,512,vendor,-,1.69817,0.5181642591731098
float,Right,64,4096,512,vendor,-,6.57807,0.6254980564208041
float,Right,64,256,512,native,32,0.132305,3.897615358452061
float,Right,64,1024,512,native,32,0.713584,0.13961916186461582
float,Right,64,4096,512,native,32,2.83051,0.12863335582633517
float,Right,64,256,512,native,64,0.135523,3.3106631346708673
float,Right,64,1024,512,native,64,0.716638,0.27957211311708285
float,Right,64,4096,512,native,64,2.83139,0.12889252275384175
float,Right,64,256,512,native,128,0.135491,3.6337985548855647
float,Right,64,1024,512,native,128,0.716572,0.4952523961304657
float,Right,64,4096,512,native,128,2.83724,0.7075432462534013
float,Right,64,256,512,native,256,0.135568,3.6413165348754872
float,Right,64,1024,512,native,256,0.713243,0.10824908200991808
float,Right,64,4096,512,native,256,2.83099,0.11704032864828207
float,Right,128,256,128,vendor,-,0.167394,3.7455524092858763
float,Right,128,1024,128,vendor,-,0.865088,0.42550815639565
float,Right,128,4096,128,vendor,-,3.81099,0.2613743410504882
float,Right,128,256,128,native,32,0.16747,3.9306502657192333
float,Right,128,1024,128,native,32,0.550805,0.3004420802280299
float,Right,128,4096,128,native,32,2.48364,0.1008676780853908
float,Right,128,256,128,native,64,0.174438,3.9364702645065868
float,Right,128,1024,128,native,64,0.562678,0.11040648470350715
float,Right,128,4096,128,native,64,2.59217,0.15423486885505194
float,Right,128,256,128,native,128,0.167451,3.9107918137246127
float,Right,128,1024,128,native,128,0.552042,0.6306422337430847
float,Right,128,4096,128,native,128,2.48493,0.12409886797616031
float,Right,128,256,128,native,256,0.171641,4.119819856561079
float,Right,128,1024,128,native,256,0.550534,0.45080231193713743
float,Right,128,4096,128,native,256,2.48856,0.25464606037226345
float,Right,128,256,512,vendor,-,0.897288,1.7082140851097978
float,Right,128,1024,512,vendor,-,3.89535,0.48071931918826294
float,Right,128,4096,512,vendor,-,14.8571,0.26472528286139285
float,Right,128,256,512,native,32,0.561943,2.357445506038869
float,Right,128,1024,512,native,32,2.46399,0.3794913940397486
float,Right,128,4096,512,native,32,9.95033,0.1400265116835321
float,Right,128,256,512,native,64,0.574978,2.0935235782934307
float,Right,128,1024,512,native,64,2.56935,0.1631743437056065
float,Right,128,4096,512,native,64,10.3843,0.10084550715984708
float,Right,128,256,512,native,128,0.558849,2.239030578922034
float,Right,128,1024,512,native,128,2.46807,0.15299849680114422
float,Right,128,4096,512,native,128,9.94861,0.15532119562431335
float,Right,128,256,512,native,256,0.563185,2.8150075019753715
float,Right,128,1024,512,native,256,2.46812,0.1301638494076463
float,Right,128,4096,512,native,256,9.9394,0.07321126023703645
float,Right,256,256,128,vendor,-,0.355758,1.6019541373630388
float,Right,256,1024,128,vendor,-,2.09355,0.3413694442454205
float,Right,256,4096,128,vendor,-,8.51231,0.2744190472386462
float,Right,256,256,128,native,32,0.350934,3.5643739278610793
float,Right,256,1024,128,native,32,1.27819,0.526104100329372
float,Right,256,4096,128,native,32,5.42517,0.08263390824619321
float,Right,256,256,128,native,64,0.380297,3.139835444402664
float,Right,256,1024,128,native,64,1.31549,0.28030163665250213
float,Right,256,4096,128,native,64,5.61263,0.11669128376536489
float,Right,256,256,128,native,128,0.426802,3.546117403386113
float,Right,256,1024,128,native,128,1.47137,0.2771389929113683
float,Right,256,4096,128,native,128,6.2922,0.1923937573503703
float,Right,256,256,128,native,256,0.352601,3.6069097932223677
float,Right,256,1024,128,native,256,1.28488,0.18432304962331114
float,Right,256,4096,128,native,256,5.42054,0.05137753803126626
float,Right,256,256,512,vendor,-,2.24254,0.2665508753467051
float,Right,256,1024,512,vendor,-,8.76157,0.1799803003343008
float,Right,256,4096,512,vendor,-,33.2415,0.19208248725238028
float,Right,256,256,512,native,32,1.34384,0.15611977616382905
float,Right,256,1024,512,native,32,5.48867,0.08691067234867464
float,Right,256,4096,512,native,32,21.436,0.029865180070908753
float,Right,256,256,512,native,64,1.38792,3.017335293100466
float,Right,256,1024,512,native,64,5.72425,0.18160807092632225
float,Right,256,4096,512,native,64,22.4528,0.060437005629587405
float,Right,256,256,512,native,128,1.56121,2.918313359509611
float,Right,256,1024,512,native,128,6.30645,0.4763234466300375
float,Right,256,4096,512,native,128,25.2136,0.17839856268045817
float,Right,256,256,512,native,256,1.38316,2.277278116776078
float,Right,256,1024,512,native,256,5.49132,0.08279502924615575
float,Right,256,4096,512,native,256,21.4253,0.03738136688867834
float,Right,512,256,128,vendor,-,0.982672,2.5940089877395507
float,Right,512,1024,128,vendor,-,4.64495,0.5682106373588521
float,Right,512,4096,128,vendor,-,18.7613,0.18261261213242155
float,Right,512,256,128,native,32,0.914716,2.0269570008614695
float,Right,512,1024,128,native,32,3.74181,0.10314019151159465
float,Right,512,4096,128,native,32,14.9014,0.0889533869300871
float,Right,512,256,128,native,64,1.06674,0.506409246864278
float,Right,512,1024,128,native,64,3.56521,0.3827937204260058
float,Right,512,4096,128,native,64,14.4899,0.07453053506235378
float,Right,512,256,128,native,128,1.20278,3.2394785413791385
float,Right,512,1024,128,native,128,3.96344,0.19894031447429508
float,Right,512,4096,128,native,128,16.5459,0.16004387793955
float,Right,512,256,128,native,256,1.08553,0.23016775215793203
float,Right,512,1024,128,native,256,3.67754,0.30713194146086786
float,Right,512,4096,128,native,256,15.2337,0.07476647170418217
float,Right,512,256,512,vendor,-,5.06191,0.5154121665537317
float,Right,512,1024,512,vendor,-,18.9911,0.13340459478387245
float,Right,512,256,512,native,32,4.06452,1.430065542794721
float,Right,512,1024,512,native,32,15.1872,0.07614965233881163
float,Right,512,256,512,native,64,3.82736,2.125830859913883
float,Right,512,1024,512,native,64,14.7562,0.10385126252016101
float,Right,512,256,512,native,128,4.1839,3.2416166734386573
float,Right,512,1024,512,native,128,16.6357,0.09714409372614317
float,Right,512,256,512,native,256,3.98583,1.5433447989502813
float,Right,512,1024,512,native,256,15.464,0.13968507501293326
complex<float>,Left,64,256,128,vendor,-,0.917914,2.515486200232266
complex<float>,Left,64,1024,128,vendor,-,2.68748,1.0971356065905606
complex<float>,Left,64,4096,128,vendor,-,12.3227,1.0893391870288167
complex<float>,Left,64,256,128,native,32,0.200943,3.938833400516564
complex<float>,Left,64,1024,128,native,32,0.68153,0.23434771763532053
complex<float>,Left,64,4096,128,native,32,2.64356,0.4307827323760384
complex<float>,Left,64,256,128,native,64,0.20247,4.104514249024547
complex<float>,Left,64,1024,128,native,64,0.678486,0.517054147027352
complex<float>,Left,64,4096,128,native,64,2.64557,0.3889898963172397
complex<float>,Left,64,256,128,native,128,0.204503,4.033177997388791
complex<float>,Left,64,1024,128,native,128,0.682486,0.3093118393637378
complex<float>,Left,64,4096,128,native,128,2.64469,0.4643228506932759
complex<float>,Left,64,256,128,native,256,0.199591,3.3930938769784214
complex<float>,Left,64,1024,128,native,256,0.681758,0.30840122154782196
complex<float>,Left,64,4096,128,native,256,2.64657,0.4064695058131846
complex<float>,Left,64,256,512,vendor,-,2.98618,0.7474063854154807
complex<float>,Left,64,1024,512,vendor,-,12.4028,0.2608910891089109
complex<float>,Left,64,4096,512,vendor,-,50.2985,0.1351455808821337
complex<float>,Left,64,256,512,native,32,0.692509,2.8351400487213887
complex<float>,Left,64,1024,512,native,32,2.65153,0.47898006056880366
complex<float>,Left,64,4096,512,native,32,10.3939,0.2749333743830516
complex<float>,Left,64,256,512,native,64,0.693126,2.6470511854987406
complex<float>,Left,64,1024,512,native,64,2.65166,0.41780997563790223
complex<float>,Left,64,4096,512,native,64,10.3919,0.2604971179476323
complex<float>,Left,64,256,512,native,128,0.691787,2.8952408761656403
complex<float>,Left,64,1024,512,native,128,2.64852,0.41645145213175655
complex<float>,Left,64,4096,512,native,128,10.3867,0.22291295599179725
complex<float>,Left,64,256,512,native,256,0.692309,2.2376857732602065
complex<float>,Left,64,1024,512,native,256,2.6584,0.7502332229912729
complex<float>,Left,64,4096,512,native,256,10.4002,0.17538316570835177
complex<float>,Left,128,256,128,vendor,-,3.83197,0.746553339405058
complex<float>,Left,128,1024,128,vendor,-,25.3746,0.3773040757292726
complex<float>,Left,128,4096,128,vendor,-,114.336,0.29987580464595576
complex<float>,Left,128,256,128,native,32,0.549651,3.536116553958785
complex<float>,Left,128,1024,128,native,32,2.06343,0.4517735033415236
complex<float>,Left,128,4096,128,native,32,7.82475,0.19483433975526374
complex<float>,Left,128,256,128,native,64,0.554863,3.539504346117871
complex<float>,Left,128,1024,128,native,64,2.06982,0.5519851967803965
complex<float>,Left,128,4096,128,native,64,7.92119,0.17133031779315985
complex<float>,Left,128,256,128,native,128,0.549453,3.394539660353115
complex<float>,Left,128,1024,128,native,128,2.06668,0.38228221108250915
complex<float>,Left,128,4096,128,native,128,7.82555,0.20967216361789265
complex<float>,Left,128,256,128,native,256,0.551638,3.5869537631562727
complex<float>,Left,128,1024,128,native,256,2.07866,0.32951372518834243
complex<float>,Left,128,4096,128,native,256,7.80796,0.2208579449689804
complex<float>,Left,128,256,512,vendor,-,27.4927,0.5880979314508942
complex<float>,Left,128,1024,512,vendor,-,116.378,0.3824245132241489
complex<float>,Left,128,4096,512,vendor,-,490.275,0.33157921574626487
complex<float>,Left,128,256,512,native,32,2.24431,0.39534199820880367
complex<float>,Left,128,1024,512,native,32,7.81269,0.35727387109945485
complex<float>,Left,128,4096,512,native,32,30.4357,0.049827340918723734
complex<float>,Left,128,256,512,native,64,2.23878,0.33339586739206173
complex<float>,Left,128,1024,512,native,64,7.91343,0.17410402316062693
complex<float>,Left,128,4096,512,native,64,30.8287,0.15366719971974166
complex<float>,Left,128,256,512,native,128,2.22897,2.229007119880483
complex<float>,Left,128,1024,512,native,128,7.82398,0.20583641573725905
complex<float>,Left,128,4096,512,native,128,30.4122,0.09278381702080087
complex<float>,Left,128,256,512,native,256,2.23416,2.1365390124252515
complex<float>,Left,128,1024,512,native,256,7.81028,0.28344054246454675
complex<float>,Left,128,4096,512,native,256,30.4411,0.11852758277460407
complex<float>,Left,256,256,128,vendor,-,14.7059,3.9419620696455167
complex<float>,Left,256,1024,128,vendor,-,132.297,0.2166368096026365
complex<float>,Left,256,4096,128,vendor,-,551.39,0.1751874353905584
complex<float>,Left,256,256,128,native,32,1.83968,3.1220049138980692
complex<float>,Left,256,1024,128,native,32,6.67368,0.2838523872885724
complex<float>,Left,256,4096,128,native,32,25.3681,0.12399667298694031
complex<float>,Left,256,256,128,native,64,1.87944,0.25414431958455713
complex<float>,Left,256,1024,128,native,64,6.63456,0.22592907442241839
complex<float>,Left,256,4096,128,native,64,25.7062,0.1601668080074068
complex<float>,Left,256,256,128,native,128,1.81518,4.338809374276932
complex<float>,Left,256,1024,128,native,128,6.71402,0.33277678648559283
complex<float>,Left,256,4096,128,native,128,25.6597,0.08371064353831105
complex<float>,Left,256,256,128,native,256,1.86636,0.29879444480164596
complex<float>,Left,256,1024,128,native,256,6.66158,0.41762464760612344
complex<float>,Left,256,4096,128,native,256,25.4265,0.12130493776178396
complex<float>,Left,256,256,512,vendor,-,141.253,0.2576525808301417
complex<float>,Left,256,1024,512,vendor,-,563.983,0.24370592730631954
complex<float>,Left,256,256,512,native,32,7.22675,2.0927664579513614
complex<float>,Left,256,1024,512,native,32,25.5659,0.13361821801696794
complex<float>,Left,256,256,512,native,64,6.87615,4.062549537168328
complex<float>,Left,256,1024,512,native,64,25.8102,0.09491170157534619
complex<float>,Left,256,256,512,native,128,7.20972,2.319979139273092
complex<float>,Left,256,1024,512,native,128,25.8136,0.11736875135587442
complex<float>,Left,256,256,512,native,256,6.89661,4.076858050549473
complex<float>,Left,256,1024,512,native,256,25.5511,0.17169397795006866
complex<float>,Left,512,256,128,vendor,-,112.846,0.7546585612250324
complex<float>,Left,512,1024,128,vendor,-,574.998,0.10762646130943063
complex<float>,Left,512,4096,128,vendor,-,2322.32,0.03868863894725963
complex<float>,Left,512,256,128,native,32,6.06959,3.9977659117007907
complex<float>,Left,512,1024,128,native,32,23.105,0.05861501839428694
complex<float>,Left,512,4096,128,native,32,88.8273,0.05963797165961366
complex<float>,Left,512,256,128,native,64,6.38584,0.9103453891735465
complex<float>,Left,512,1024,128,native,64,22.8786,0.16537725210458684
complex<float>,Left,512,4096,128,native,64,89.4412,0.1280617880797664
complex<float>,Left,512,256,128,native,128,6.19061,3.8871290551335
complex<float>,Left,512,1024,128,native,128,22.9871,0.13132713565434526
complex<float>,Left,512,4096,128,native,128,89.5302,0.11287364487066935
complex<float>,Left,512,256,128,native,256,4.11672,0.20343817408033582
complex<float>,Left,512,1024,128,native,256,14.723,0.15150512803097194
complex<float>,Left,512,4096,128,native,256,57.3746,0.37961397552226944
complex<float>,Left,512,256,512,vendor,-,601.218,0.06076780801639339
complex<float>,Left,512,1024,512,vendor,-,2376.97,0.042958472340837286
complex<float>,Left,512,256,512,native,32,23.5979,2.226206569228618
complex<float>,Left,512,1024,512,native,32,89.1553,0.06495037311298374
complex<float>,Left,512,256,512,native,64,23.6876,3.711777470068728
complex<float>,Left,512,1024,512,native,64,89.9436,0.15291693905958845
complex<float>,Left,512,256,512,native,128,23.0756,0.1271321222416752
complex<float>,Left,512,1024,512,native,128,90.1443,0.10186545350066503
complex<float>,Left,512,256,512,native,256,15.2802,3.5613277313124176
complex<float>,Left,512,1024,512,native,256,57.808,0.4118772488236922
complex<float>,Right,64,256,128,vendor,-,0.337883,3.3223038744180675
complex<float>,Right,64,1024,128,vendor,-,0.510144,1.1003598983816334
complex<float>,Right,64,4096,128,vendor,-,2.39678,1.373204883218318
complex<float>,Right,64,256,128,native,32,0.0812957,2.547920738735259
complex<float>,Right,64,1024,128,native,32,0.293206,1.1735435154805836
complex<float>,Right,64,4096,128,native,32,1.3174,0.14310687718232884
complex<float>,Right,64,256,128,native,64,0.0812633,2.3947218486081665
complex<float>,Right,64,1024,128,native,64,0.295202,0.712789886247383
complex<float>,Right,64,4096,128,native,64,1.31784,0.15464244521337947
complex<float>,Right,64,256,128,native,128,0.0813463,2.333394389173202
complex<float>,Right,64,1024,128,native,128,0.299144,1.085493942716551
complex<float>,Right,64,4096,128,native,128,1.31925,0.1911298086033731
complex<float>,Right,64,256,128,native,256,0.0816023,2.7503881630787363
complex<float>,Right,64,1024,128,native,256,0.291859,0.16221394577518597
complex<float>,Right,64,4096,128,native,256,1.31907,1.1666932005124824
complex<float>,Right,64,256,512,vendor,-,0.526928,2.34161023897003
complex<float>,Right,64,1024,512,vendor,-,2.55456,0.7660693035199799
complex<float>,Right,64,4096,512,vendor,-,8.3527,1.5333604702670993
complex<float>,Right,64,256,512,native,32,0.300747,2.9205611361044332
complex<float>,Right,64,1024,512,native,32,1.31579,0.8133440746623701
complex<float>,Right,64,4096,512,native,32,5.12284,0.028111945717609763
complex<float>,Right,64,256,512,native,64,0.304345,3.2743761192068215
complex<float>,Right,64,1024,512,native,64,1.3232,1.6020329504232167
complex<float>,Right,64,4096,512,native,64,5.12388,0.04886004356073913
complex<float>,Right,64,256,512,native,128,0.302722,3.3138985603953466
complex<float>,Right,64,1024,512,native,128,1.31379,0.665909315796284
complex<float>,Right,64,4096,512,native,128,5.12418,0.07048503370295345
complex<float>,Right,64,256,512,native,256,0.296934,0.6178106919382759
complex<float>,Right,64,1024,512,native,256,1.31444,0.10866756945923739
complex<float>,Right,64,4096,512,native,256,5.12264,0.03426982961910265
complex<float>,Right,128,256,128,vendor,-,1.66322,0.25391349310373856
complex<float>,Right,128,1024,128,vendor,-,5.66814,0.8958529605831895
complex<float>,Right,128,4096,128,vendor,-,27.5442,0.5744548761626768
complex<float>,Right,128,256,128,native,32,0.306523,3.821116196826992
complex<float>,Right,128,1024,128,native,32,1.14215,0.6487650483736812
complex<float>,Right,128,4096,128,native,32,4.7919,0.03316325465890357
complex<float>,Right,128,256,128,native,64,0.307394,3.3339948079663233
complex<float>,Right,128,1024,128,native,64,1.16096,0.1263549131753032
complex<float>,Right,128,4096,128,native,64,4.8998,0.07376994979386914
complex<float>,Right,128,256,128,native,128,0.304697,3.7973790355664807
complex<float>,Right,128,1024,128,native,128,1.14327,0.1066414757668792
complex<float>,Right,128,4096,128,native,128,4.79254,0.03575056233229144
complex<float>,Right,128,256,128,native,256,0.303795,2.8667127503744303
complex<float>,Right,128,1024,128,native,256,1.14209,0.16645798492237915
complex<float>,Right,128,4096,128,native,256,4.78926,0.06193336757661935
complex<float>,Right,128,256,512,vendor,-,6.52915,0.6117871392141397
complex<float>,Right,128,1024,512,vendor,-,27.9355,0.402452077106191
complex<float>,Right,128,4096,512,vendor,-,107.712,0.4435680332739156
complex<float>,Right,128,256,512,native,32,1.23114,2.577115518949917
complex<float>,Right,128,1024,512,native,32,4.78608,0.4389918262962592
complex<float>,Right,128,4096,512,native,32,18.9369,0.11556168116217543
complex<float>,Right,128,256,512,native,64,1.21562,3.9712492390714207
complex<float>,Right,128,1024,512,native,64,4.89129,0.31421976615575853
complex<float>,Right,128,4096,512,native,64,19.3112,0.06330523219685985
complex<float>,Right,128,256,512,native,128,1.22909,2.8565524086926097
complex<float>,Right,128,1024,512,native,128,4.77994,0.11882847901856508
complex<float>,Right,128,4096,512,native,128,18.9106,0.0425105496388269
complex<float>,Right,128,256,512,native,256,1.19343,4.483078186403894
complex<float>,Right,128,1024,512,native,256,4.78558,0.12479281508197543
complex<float>,Right,128,4096,512,native,256,18.924,0.21550834918621858
complex<float>,Right,256,256,128,vendor,-,6.51136,3.3451997739335564
complex<float>,Right,256,1024,128,vendor,-,34.2855,0.14383514896968108
complex<float>,Right,256,4096,128,vendor,-,138.874,0.13191958177916674
complex<float>,Right,256,256,128,native,32,1.23243,3.5253442386180147
complex<float>,Right,256,1024,128,native,32,4.40172,0.32862153885299383
complex<float>,Right,256,4096,128,native,32,17.9514,0.07402765243936406
complex<float>,Right,256,256,128,native,64,1.20379,4.484561260685004
complex<float>,Right,256,1024,128,native,64,4.45517,0.41873374080001435
complex<float>,Right,256,4096,128,native,64,18.26,0.028992825848849945
complex<float>,Right,256,256,128,native,128,1.2574,0.34285589311277237
complex<float>,Right,256,1024,128,native,128,4.49364,2.4872931520994115
complex<float>,Right,256,4096,128,native,128,18.2472,0.06661569994300495
complex<float>,Right,256,256,128,native,256,1.24267,0.26477021252625393
complex<float>,Right,256,1024,128,native,256,4.39688,0.15452434453521585
complex<float>,Right,256,4096,128,native,256,17.9143,0.06555321726218719
complex<float>,Right,256,256,512,vendor,-,35.2881,0.2930421303498913
complex<float>,Right,256,1024,512,vendor,-,140.417,0.12070404580641947
complex<float>,Right,256,256,512,native,32,4.42644,0.21235959371413596
complex<float>,Right,256,1024,512,native,32,17.9678,0.17167599817451218
complex<float>,Right,256,256,512,native,64,4.68173,3.791461703259265
complex<float>,Right,256,1024,512,native,64,18.2956,0.25530455410043945
complex<float>,Right,256,256,512,native,128,4.67933,3.7246999036186805
complex<float>,Right,256,1024,512,native,128,18.2498,0.08841959911889445
complex<float>,Right,256,256,512,native,256,4.77447,0.43283757150008273
complex<float>,Right,256,1024,512,native,256,17.9421,0.08691736195874507
complex<float>,Right,512,256,128,vendor,-,40.072,1.4953558594529843
complex<float>,Right,512,1024,128,vendor,-,147.492,0.06483090608304179
complex<float>,Right,512,4096,128,vendor,-,584.021,0.08733504445901775
complex<float>,Right,512,256,128,native,32,4.82001,0.44401567631602423
complex<float>,Right,512,1024,128,native,32,17.3847,0.20431989047840918
complex<float>,Right,512,4096,128,native,32,70.8249,1.2704133715684738
complex<float>,Right,512,256,128,native,64,4.79749,0.3414452140598521
complex<float>,Right,512,1024,128,native,64,17.3365,0.2928838000749863
complex<float>,Right,512,4096,128,native,64,71.1567,0.9216784926788343
complex<float>,Right,512,256,128,native,128,4.79555,0.32541418606833417
complex<float>,Right,512,1024,128,native,128,17.3332,0.19300994623035558
complex<float>,Right,512,4096,128,native,128,71.027,0.8867923465724302
complex<float>,Right,512,256,128,native,256,4.79277,0.39336959628774176
complex<float>,Right,512,1024,128,native,256,17.3584,0.27610090791778047
complex<float>,Right,512,4096,128,native,256,70.9171,0.9390711126089477
complex<float>,Right,512,256,512,vendor,-,148.202,0.19454730705388593
complex<float>,Right,512,1024,512,vendor,-,590.933,0.12271949611884936
complex<float>,Right,512,256,512,native,32,17.6593,2.7200738421115216
complex<float>,Right,512,1024,512,native,32,70.7322,0.9253734508469974
complex<float>,Right,512,256,512,native,64,17.4576,1.048758133993218
complex<float>,Right,512,1024,512,native,64,71.1272,0.9162106760845359
complex<float>,Right,512,256,512,native,128,17.4292,0.28231186744084635
complex<float>,Right,512,1024,512,native,128,71.2314,0.7615461720533361
complex<float>,Right,512,256,512,native,256,17.4827,1.5221161491074031
complex<float>,Right,512,1024,512,native,256,70.9241,0.773081364444526
