op,type,n,nrhs,batch,med_ms,mean_ms,relsd,GFLOPs,resid,ws,route,extra,ntpiv,extra2,flag
getrs,float,64,1,8192,0.3090,0.3092,0.0094,217.16,2.655e-07,0,vendor:auto|vendor:auto,1.905e-07,58,ok
getrs,double,64,1,8192,1.6478,1.6479,0.0002,40.73,6.758e-16,0,vendor:auto|vendor:auto,7.688e-16,58,ok
getrs,cfloat,64,1,8192,0.4376,0.4373,0.0014,153.36,2.520e-07,0,vendor:auto|vendor:auto,3.209e-07,58,ok
getrs,cdouble,64,1,8192,3.4448,3.4446,0.0003,19.48,5.907e-16,0,vendor:auto|vendor:auto,1.153e-15,58,ok
getrs,float,256,1,2048,1.3358,1.3357,0.0009,200.95,3.766e-07,0,vendor:auto|vendor:auto,3.395e-07,250,ok
getrs,double,256,1,2048,2.7735,2.7733,0.0005,96.78,1.445e-15,0,vendor:auto|vendor:auto,1.855e-15,250,ok
getrs,cfloat,256,1,2048,1.7665,1.7670,0.0012,151.96,4.012e-07,0,vendor:auto|vendor:auto,3.214e-07,250,ok
getrs,cdouble,256,1,2048,5.4505,5.4509,0.0004,49.25,1.137e-15,0,vendor:auto|vendor:auto,1.579e-15,250,ok
getrs,float,512,1,512,1.4490,1.4492,0.0006,185.25,5.437e-07,0,vendor:auto|vendor:auto,4.133e-07,505,ok
getrs,double,512,1,512,2.5158,2.5161,0.0005,106.70,1.782e-15,0,vendor:auto|vendor:auto,3.342e-15,505,ok
getrs,cfloat,512,1,512,1.9524,1.9509,0.0012,137.49,5.765e-07,0,vendor:auto|vendor:auto,5.946e-07,505,ok
getrs,cdouble,512,1,512,4.5217,4.5224,0.0004,59.37,1.872e-15,0,vendor:auto|vendor:auto,2.955e-15,505,ok
getrs,float,1024,1,128,1.8833,1.8836,0.0005,142.53,6.051e-07,0,vendor:auto|vendor:auto,7.493e-07,1019,ok
getrs,double,1024,1,128,3.7544,3.7554,0.0007,71.50,2.779e-15,0,vendor:auto|vendor:auto,4.368e-15,1019,ok
getrs,cfloat,1024,1,128,2.4763,2.4768,0.0006,108.40,6.215e-07,0,vendor:auto|vendor:auto,6.164e-07,1019,ok
getrs,cdouble,1024,1,128,6.7180,6.7178,0.0003,39.96,2.376e-15,0,vendor:auto|vendor:auto,4.409e-15,1019,ok
getrs,float,2048,1,32,2.9333,2.9428,0.0072,91.51,9.624e-07,0,vendor:auto|vendor:auto,1.087e-06,2041,ok
getrs,double,2048,1,32,6.1971,6.1970,0.0003,43.32,4.442e-15,0,vendor:auto|vendor:auto,1.123e-14,2041,ok
getrs,cfloat,2048,1,32,3.5207,3.5201,0.0004,76.25,8.845e-07,0,vendor:auto|vendor:auto,9.048e-07,2041,ok
getrs,cdouble,2048,1,32,11.1155,11.1160,0.0006,24.15,3.924e-15,0,vendor:auto|vendor:auto,5.208e-15,2041,ok
getrs,float,64,64,8192,8.3264,8.3225,0.0010,515.83,2.655e-07,0,vendor:auto|vendor:auto,1.905e-07,58,ok
getrs,double,64,64,8192,16.7894,16.7793,0.0037,255.81,6.758e-16,0,vendor:auto|vendor:auto,7.688e-16,58,ok
getrs,cfloat,64,64,8192,11.2119,11.2198,0.0041,383.07,3.068e-07,0,vendor:auto|vendor:auto,3.209e-07,58,ok
getrs,cdouble,64,64,8192,43.3298,43.3226,0.0005,99.12,6.572e-16,0,vendor:auto|vendor:auto,1.153e-15,58,ok
getrs,float,256,64,2048,8.9156,8.9169,0.0010,1926.95,3.767e-07,0,vendor:auto|vendor:auto,3.395e-07,250,ok
getrs,double,256,64,2048,26.8568,26.8571,0.0003,639.68,1.451e-15,0,vendor:auto|vendor:auto,1.855e-15,250,ok
getrs,cfloat,256,64,2048,14.1080,14.1108,0.0003,1217.74,3.895e-07,0,vendor:auto|vendor:auto,3.214e-07,250,ok
getrs,cdouble,256,64,2048,80.8434,80.8451,0.0002,212.51,1.294e-15,0,vendor:auto|vendor:auto,1.579e-15,250,ok
getrs,float,512,64,512,4.8176,4.8181,0.0013,3566.08,5.437e-07,0,vendor:auto|vendor:auto,4.133e-07,505,ok
getrs,double,512,64,512,19.8244,19.8220,0.0004,866.60,2.561e-15,0,vendor:auto|vendor:auto,3.342e-15,505,ok
getrs,cfloat,512,64,512,7.1182,7.1168,0.0008,2413.50,5.757e-07,0,vendor:auto|vendor:auto,5.946e-07,505,ok
getrs,cdouble,512,64,512,67.8717,67.8707,0.0001,253.12,2.042e-15,0,vendor:auto|vendor:auto,2.955e-15,505,ok
getrs,float,1024,64,128,6.5479,6.5501,0.0016,2623.72,6.744e-07,0,vendor:auto|vendor:auto,7.493e-07,1019,ok
getrs,double,1024,64,128,20.2513,20.2542,0.0002,848.33,3.220e-15,0,vendor:auto|vendor:auto,4.368e-15,1019,ok
getrs,cfloat,1024,64,128,7.5893,7.6006,0.0026,2263.70,6.769e-07,0,vendor:auto|vendor:auto,6.164e-07,1019,ok
getrs,cdouble,1024,64,128,64.4428,64.4477,0.0002,266.59,2.474e-15,0,vendor:auto|vendor:auto,4.409e-15,1019,ok
getrs,float,2048,64,32,12.1488,12.1540,0.0010,1414.12,1.001e-06,0,vendor:auto|vendor:auto,1.087e-06,2041,ok
getrs,double,2048,64,32,26.1506,26.1517,0.0005,656.96,4.335e-15,0,vendor:auto|vendor:auto,1.123e-14,2041,ok
getrs,cfloat,2048,64,32,13.1417,13.1394,0.0008,1307.28,8.544e-07,0,vendor:auto|vendor:auto,9.048e-07,2041,ok
getrs,cdouble,2048,64,32,71.4935,71.4939,0.0000,240.30,3.932e-15,0,vendor:auto|vendor:auto,5.208e-15,2041,ok
getrs,float,512,2,256,1.0620,1.0618,0.0010,252.77,7.133e-07,0,vendor:auto|vendor:auto,4.773e-07,504,ok
getrs,float,512,8,256,1.0155,1.0151,0.0010,1057.32,6.081e-07,0,vendor:auto|vendor:auto,4.773e-07,504,ok
getrs,float,512,32,256,2.0466,2.0497,0.0049,2098.55,6.083e-07,0,vendor:auto|vendor:auto,4.773e-07,504,ok
getrs,float,512,128,256,6.5595,6.5615,0.0010,2619.10,6.083e-07,0,vendor:auto|vendor:auto,4.773e-07,504,ok
getrs,float,512,512,256,32.4671,32.4605,0.0009,2116.59,6.083e-07,0,vendor:auto|vendor:auto,4.773e-07,504,ok
getrs,double,512,2,256,3.4188,3.4185,0.0002,78.52,2.221e-15,0,vendor:auto|vendor:auto,3.159e-15,504,ok
getrs,double,512,8,256,3.1870,3.1867,0.0002,336.91,2.112e-15,0,vendor:auto|vendor:auto,3.159e-15,504,ok
getrs,double,512,32,256,5.5163,5.5160,0.0004,778.60,2.232e-15,0,vendor:auto|vendor:auto,3.159e-15,504,ok
getrs,double,512,128,256,21.4513,21.4524,0.0003,800.88,2.112e-15,0,vendor:auto|vendor:auto,3.159e-15,504,ok
getrs,double,512,512,256,92.6888,92.6856,0.0002,741.40,2.112e-15,0,vendor:auto|vendor:auto,3.159e-15,504,ok
getrs,cfloat,512,2,256,1.3567,1.3568,0.0008,197.86,5.656e-07,0,vendor:auto|vendor:auto,5.946e-07,504,ok
getrs,cfloat,512,8,256,1.3794,1.3793,0.0004,778.39,5.656e-07,0,vendor:auto|vendor:auto,5.946e-07,504,ok
getrs,cfloat,512,32,256,2.4422,2.4421,0.0004,1758.66,5.656e-07,0,vendor:auto|vendor:auto,5.946e-07,504,ok
getrs,cfloat,512,128,256,8.4482,8.4551,0.0018,2033.56,5.656e-07,0,vendor:auto|vendor:auto,5.946e-07,504,ok
getrs,cfloat,512,512,256,41.0429,41.0465,0.0008,1674.33,5.656e-07,0,vendor:auto|vendor:auto,5.946e-07,504,ok
getrs,cdouble,512,2,256,8.5410,8.5415,0.0001,31.43,1.865e-15,0,vendor:auto|vendor:auto,2.955e-15,504,ok
getrs,cdouble,512,8,256,8.5440,8.5443,0.0002,125.67,1.573e-15,0,vendor:auto|vendor:auto,2.955e-15,504,ok
getrs,cdouble,512,32,256,17.1824,17.1830,0.0001,249.96,1.606e-15,0,vendor:auto|vendor:auto,2.955e-15,504,ok
getrs,cdouble,512,128,256,69.1995,69.2339,0.0010,248.27,1.603e-15,0,vendor:auto|vendor:auto,2.955e-15,504,ok
getrs,cdouble,512,512,256,282.6805,282.9297,0.0018,243.10,1.755e-15,0,vendor:auto|vendor:auto,2.955e-15,504,ok
getrs,float,512,1,256,1.1013,1.1017,0.0009,121.87,6.083e-07,0,vendor:auto|vendor:auto,4.773e-07,504,ok
getrs,double,512,1,256,2.0080,2.0090,0.0011,66.84,2.222e-15,0,vendor:auto|vendor:auto,3.159e-15,504,ok
getrs,cfloat,512,1,256,1.3736,1.3742,0.0008,97.71,5.451e-07,0,vendor:auto|vendor:auto,5.946e-07,504,ok
getrs,cdouble,512,1,256,3.4263,3.4285,0.0012,39.17,1.491e-15,0,vendor:auto|vendor:auto,2.955e-15,504,ok
getrs,float,512,8,64,0.7232,0.7225,0.0030,371.19,5.080e-07,0,vendor:auto|vendor:auto,4.049e-07,508,ok
getrs,float,512,8,128,0.8401,0.8403,0.0007,639.04,5.455e-07,0,vendor:auto|vendor:auto,3.907e-07,503,ok
getrs,float,512,8,512,1.4443,1.4449,0.0018,1486.85,5.441e-07,0,vendor:auto|vendor:auto,4.133e-07,505,ok
getrs,float,512,8,1024,2.3496,2.3502,0.0004,1827.93,4.767e-07,0,vendor:auto|vendor:auto,5.355e-07,504,ok
getrs,cdouble,512,8,64,3.8544,3.8547,0.0002,69.64,1.994e-15,0,vendor:auto|vendor:auto,2.955e-15,508,ok
getrs,cdouble,512,8,128,5.4808,5.4797,0.0012,97.95,1.594e-15,0,vendor:auto|vendor:auto,2.955e-15,503,ok
getrs,cdouble,512,8,512,14.7730,14.7801,0.0013,145.37,2.042e-15,0,vendor:auto|vendor:auto,2.955e-15,505,ok
getrs,cdouble,512,8,1024,28.8017,28.8077,0.0005,149.12,1.589e-15,0,vendor:auto|vendor:auto,2.955e-15,504,ok
