arm,type,m,n,batch,transA,route,median_ms,mean_ms,rel_sd,GBs,frac_of_950,relerr,ld,MB,foreign
vendor,cdouble,32,128,128,T,vendor:auto,0.01301,0.01300,0.0139,670.1,0.705,0.00e+00,32,8,0
native:cta,cdouble,32,128,128,T,native:cta,0.02587,0.02644,0.0670,337.0,0.355,0.00e+00,32,8,0
vendor,cdouble,32,128,256,T,vendor:auto,0.01690,0.01714,0.0389,1031.7,1.086,0.00e+00,32,16,0
native:cta,cdouble,32,128,256,T,native:cta,0.04566,0.04563,0.0014,381.8,0.402,0.00e+00,32,16,0
vendor,cdouble,32,128,512,T,vendor:auto,0.02491,0.02494,0.0105,1399.8,1.473,0.00e+00,32,32,0
native:cta,cdouble,32,128,512,T,native:cta,0.08578,0.08577,0.0018,406.4,0.428,0.00e+00,32,32,0
vendor,cdouble,32,256,128,T,vendor:auto,0.01688,0.01691,0.0174,1028.9,1.083,0.00e+00,32,16,0
native:cta,cdouble,32,256,128,T,native:cta,0.04584,0.04584,0.0016,378.9,0.399,0.00e+00,32,16,0
vendor,cdouble,32,256,256,T,vendor:auto,0.02496,0.02498,0.0125,1391.8,1.465,0.00e+00,32,32,0
native:cta,cdouble,32,256,256,T,native:cta,0.08570,0.08569,0.0014,405.3,0.427,0.00e+00,32,32,0
vendor,cdouble,32,256,512,T,vendor:auto,0.04000,0.04019,0.0186,1736.7,1.828,0.00e+00,32,64,0
native:cta,cdouble,32,256,512,T,native:cta,0.16544,0.16546,0.0008,419.9,0.442,0.00e+00,32,64,0
vendor,cdouble,32,512,128,T,vendor:auto,0.02499,0.02490,0.0150,1387.4,1.460,0.00e+00,32,32,0
native:cta,cdouble,32,512,128,T,native:cta,0.08569,0.08569,0.0009,404.6,0.426,0.00e+00,32,32,0
vendor,cdouble,32,512,256,T,vendor:auto,0.03986,0.03985,0.0020,1739.6,1.831,0.00e+00,32,64,0
native:cta,cdouble,32,512,256,T,native:cta,0.16525,0.16528,0.0011,419.6,0.442,0.00e+00,32,64,0
vendor,cdouble,32,512,512,T,vendor:auto,0.16062,0.16081,0.0028,863.4,0.909,0.00e+00,32,128,0
native:cta,cdouble,32,512,512,T,native:cta,0.32575,0.32576,0.0006,425.7,0.448,0.00e+00,32,128,0
vendor,cdouble,48,128,128,T,vendor:auto,0.01447,0.01444,0.0128,894.8,0.942,0.00e+00,48,12,0
native:cta,cdouble,48,128,128,T,native:cta,0.03413,0.03416,0.0032,379.2,0.399,0.00e+00,48,12,0
vendor,cdouble,48,128,256,T,vendor:auto,0.02127,0.02137,0.0123,1217.2,1.281,0.00e+00,48,24,0
native:cta,cdouble,48,128,256,T,native:cta,0.06230,0.06230,0.0012,415.5,0.437,0.00e+00,48,24,0
vendor,cdouble,48,128,512,T,vendor:auto,0.03194,0.03203,0.0066,1621.2,1.706,0.00e+00,48,48,0
native:cta,cdouble,48,128,512,T,native:cta,0.11879,0.11879,0.0010,435.8,0.459,0.00e+00,48,48,0
vendor,cdouble,48,256,128,T,vendor:auto,0.02134,0.02133,0.0191,1208.2,1.272,0.00e+00,48,24,0
native:cta,cdouble,48,256,128,T,native:cta,0.06240,0.06244,0.0020,413.3,0.435,0.00e+00,48,24,0
vendor,cdouble,48,256,256,T,vendor:auto,0.03203,0.03201,0.0086,1610.1,1.695,0.00e+00,48,48,0
native:cta,cdouble,48,256,256,T,native:cta,0.11873,0.11875,0.0011,434.4,0.457,0.00e+00,48,48,0
vendor,cdouble,48,256,512,T,vendor:auto,0.18100,0.17996,0.0318,569.9,0.600,0.00e+00,48,96,0
native:cta,cdouble,48,256,512,T,native:cta,0.23350,0.23344,0.0010,441.8,0.465,0.00e+00,48,96,0
vendor,cdouble,48,512,128,T,vendor:auto,0.03186,0.03198,0.0101,1615.6,1.701,0.00e+00,48,48,0
native:cta,cdouble,48,512,128,T,native:cta,0.11864,0.11869,0.0008,433.9,0.457,0.00e+00,48,48,0
vendor,cdouble,48,512,256,T,vendor:auto,0.18213,0.18170,0.0326,565.3,0.595,0.00e+00,48,96,0
native:cta,cdouble,48,512,256,T,native:cta,0.23352,0.23348,0.0008,440.9,0.464,0.00e+00,48,96,0
vendor,cdouble,48,512,512,T,vendor:auto,0.30590,0.31177,0.0611,673.1,0.709,0.00e+00,48,192,0
native:cta,cdouble,48,512,512,T,native:cta,0.45911,0.45912,0.0004,448.5,0.472,0.00e+00,48,192,0
vendor,cdouble,64,128,128,T,vendor:auto,0.01594,0.01612,0.0339,1077.5,1.134,0.00e+00,64,16,0
native:cta,cdouble,64,128,128,T,native:cta,0.03008,0.03012,0.0036,570.9,0.601,0.00e+00,64,16,0
vendor,cdouble,64,128,256,T,vendor:auto,0.02460,0.02463,0.0140,1396.0,1.470,0.00e+00,64,32,0
native:cta,cdouble,64,128,256,T,native:cta,0.05419,0.05446,0.0174,633.7,0.667,0.00e+00,64,32,0
vendor,cdouble,64,128,512,T,vendor:auto,0.03761,0.03785,0.0199,1826.0,1.922,0.00e+00,64,64,0
native:cta,cdouble,64,128,512,T,native:cta,0.10254,0.10254,0.0019,669.8,0.705,0.00e+00,64,64,0
vendor,cdouble,64,256,128,T,vendor:auto,0.02470,0.02473,0.0080,1385.2,1.458,0.00e+00,64,32,0
native:cta,cdouble,64,256,128,T,native:cta,0.05422,0.05425,0.0033,631.0,0.664,0.00e+00,64,32,0
vendor,cdouble,64,256,256,T,vendor:auto,0.03734,0.03737,0.0059,1832.2,1.929,0.00e+00,64,64,0
native:cta,cdouble,64,256,256,T,native:cta,0.10254,0.10257,0.0015,667.2,0.702,0.00e+00,64,64,0
vendor,cdouble,64,256,512,T,vendor:auto,0.37521,0.37569,0.0043,364.7,0.384,0.00e+00,64,128,0
native:cta,cdouble,64,256,512,T,native:cta,0.20016,0.20010,0.0014,683.7,0.720,0.00e+00,64,128,0
vendor,cdouble,64,512,128,T,vendor:auto,0.03721,0.03725,0.0050,1835.1,1.932,0.00e+00,64,64,0
native:cta,cdouble,64,512,128,T,native:cta,0.10235,0.10240,0.0013,667.2,0.702,0.00e+00,64,64,0
vendor,cdouble,64,512,256,T,vendor:auto,0.37668,0.37636,0.0030,362.6,0.382,0.00e+00,64,128,0
native:cta,cdouble,64,512,256,T,native:cta,0.20014,0.20012,0.0009,682.4,0.718,0.00e+00,64,128,0
vendor,cdouble,64,512,512,T,vendor:auto,0.74803,0.74817,0.0028,365.2,0.384,0.00e+00,64,256,0
native:cta,cdouble,64,512,512,T,native:cta,0.39276,0.39274,0.0007,695.5,0.732,0.00e+00,64,256,0
vendor,cdouble,80,128,128,T,vendor:auto,0.01752,0.01751,0.0081,1221.6,1.286,0.00e+00,80,20,0
native:cta,cdouble,80,128,128,T,native:cta,0.03438,0.03439,0.0028,622.4,0.655,0.00e+00,80,20,0
vendor,cdouble,80,128,256,T,vendor:auto,0.02917,0.02927,0.0113,1467.1,1.544,0.00e+00,80,40,0
native:cta,cdouble,80,128,256,T,native:cta,0.06233,0.06235,0.0015,686.6,0.723,0.00e+00,80,40,0
vendor,cdouble,80,128,512,T,vendor:auto,0.22309,0.22333,0.0077,383.7,0.404,0.00e+00,80,80,0
native:cta,cdouble,80,128,512,T,native:cta,0.12368,0.12368,0.0013,692.1,0.728,0.00e+00,80,80,0
vendor,cdouble,80,256,128,T,vendor:auto,0.02934,0.02946,0.0138,1453.2,1.530,0.00e+00,80,40,0
native:cta,cdouble,80,256,128,T,native:cta,0.06250,0.06263,0.0061,682.1,0.718,0.00e+00,80,40,0
vendor,cdouble,80,256,256,T,vendor:auto,0.22458,0.22467,0.0053,379.7,0.400,0.00e+00,80,80,0
native:cta,cdouble,80,256,256,T,native:cta,0.12372,0.12360,0.0013,689.2,0.725,0.00e+00,80,80,0
vendor,cdouble,80,256,512,T,vendor:auto,0.47738,0.47789,0.0077,357.2,0.376,0.00e+00,80,160,0
native:cta,cdouble,80,256,512,T,native:cta,0.23639,0.23644,0.0008,721.4,0.759,0.00e+00,80,160,0
vendor,cdouble,80,512,128,T,vendor:auto,0.22355,0.22333,0.0056,380.7,0.401,0.00e+00,80,80,0
native:cta,cdouble,80,512,128,T,native:cta,0.12349,0.12346,0.0007,689.1,0.725,0.00e+00,80,80,0
vendor,cdouble,80,512,256,T,vendor:auto,0.48068,0.47960,0.0130,354.1,0.373,0.00e+00,80,160,0
native:cta,cdouble,80,512,256,T,native:cta,0.23631,0.23634,0.0007,720.2,0.758,0.00e+00,80,160,0
vendor,cdouble,80,512,512,T,vendor:auto,0.92136,0.92269,0.0135,369.4,0.389,0.00e+00,80,320,0
native:cta,cdouble,80,512,512,T,native:cta,0.46186,0.46181,0.0004,737.0,0.776,0.00e+00,80,320,0
vendor,cdouble,128,128,128,T,vendor:auto,0.02280,0.02296,0.0195,1494.9,1.574,0.00e+00,128,32,0
native:cta,cdouble,128,128,128,T,native:cta,0.03838,0.03845,0.0037,887.9,0.935,0.00e+00,128,32,0
vendor,cdouble,128,128,256,T,vendor:auto,0.03657,0.03659,0.0047,1863.7,1.962,0.00e+00,128,64,0
native:cta,cdouble,128,128,256,T,native:cta,0.07068,0.07068,0.0014,964.3,1.015,0.00e+00,128,64,0
vendor,cdouble,128,128,512,T,vendor:auto,0.15646,0.15662,0.0037,871.3,0.917,0.00e+00,128,128,0
native:cta,cdouble,128,128,512,T,native:cta,0.15725,0.15722,0.0029,866.9,0.912,0.00e+00,128,128,0
vendor,cdouble,128,256,128,T,vendor:auto,0.03661,0.03668,0.0089,1854.7,1.952,0.00e+00,128,64,0
native:cta,cdouble,128,256,128,T,native:cta,0.07067,0.07069,0.0017,960.8,1.011,0.00e+00,128,64,0
vendor,cdouble,128,256,256,T,vendor:auto,0.15265,0.15280,0.0035,889.6,0.936,0.00e+00,128,128,0
native:cta,cdouble,128,256,256,T,native:cta,0.15700,0.15722,0.0041,864.9,0.910,0.00e+00,128,128,0
vendor,cdouble,128,256,512,T,vendor:auto,0.71008,0.71236,0.0172,382.5,0.403,0.00e+00,128,256,0
native:cta,cdouble,128,256,512,T,native:cta,0.30273,0.30311,0.0036,897.1,0.944,0.00e+00,128,256,0
vendor,cdouble,128,512,128,T,vendor:auto,0.15591,0.15612,0.0048,869.3,0.915,0.00e+00,128,128,0
native:cta,cdouble,128,512,128,T,native:cta,0.15683,0.15688,0.0030,864.2,0.910,0.00e+00,128,128,0
vendor,cdouble,128,512,256,T,vendor:auto,0.30011,0.30032,0.0016,903.2,0.951,0.00e+00,128,256,0
native:cta,cdouble,128,512,256,T,native:cta,0.30166,0.30145,0.0025,898.6,0.946,0.00e+00,128,256,0
vendor,cdouble,128,512,512,T,vendor:auto,1.51311,1.50797,0.0155,358.3,0.377,0.00e+00,128,512,0
native:cta,cdouble,128,512,512,T,native:cta,0.59002,0.58996,0.0007,918.8,0.967,0.00e+00,128,512,0
vendor,cdouble,192,128,128,T,vendor:auto,0.02948,0.02970,0.0374,1729.8,1.821,0.00e+00,192,48,0
native:cta,cdouble,192,128,128,T,native:cta,0.04657,0.04659,0.0022,1094.8,1.152,0.00e+00,192,48,0
vendor,cdouble,192,128,256,T,vendor:auto,0.12842,0.12861,0.0065,794.1,0.836,0.00e+00,192,96,0
native:cta,cdouble,192,128,256,T,native:cta,0.12072,0.12074,0.0053,844.7,0.889,0.00e+00,192,96,0
vendor,cdouble,192,128,512,T,vendor:auto,0.23245,0.23253,0.0013,877.4,0.924,0.00e+00,192,192,0
native:cta,cdouble,192,128,512,T,native:cta,0.22850,0.22881,0.0029,892.5,0.940,0.00e+00,192,192,0
vendor,cdouble,192,256,128,T,vendor:auto,0.12846,0.12841,0.0051,790.7,0.832,0.00e+00,192,96,0
native:cta,cdouble,192,256,128,T,native:cta,0.12040,0.12275,0.0557,843.7,0.888,0.00e+00,192,96,0
vendor,cdouble,192,256,256,T,vendor:auto,0.23921,0.23936,0.0034,849.3,0.894,0.00e+00,192,192,0
native:cta,cdouble,192,256,256,T,native:cta,0.22778,0.22776,0.0028,891.9,0.939,0.00e+00,192,192,0
vendor,cdouble,192,256,512,T,vendor:auto,1.20517,1.20463,0.0065,337.1,0.355,0.00e+00,192,384,0
native:cta,cdouble,192,256,512,T,native:cta,0.44386,0.44410,0.0014,915.4,0.964,0.00e+00,192,384,0
vendor,cdouble,192,512,128,T,vendor:auto,0.23842,0.23850,0.0030,850.5,0.895,0.00e+00,192,192,0
native:cta,cdouble,192,512,128,T,native:cta,0.22785,0.22803,0.0042,889.9,0.937,0.00e+00,192,192,0
vendor,cdouble,192,512,256,T,vendor:auto,0.45953,0.45973,0.0017,882.5,0.929,0.00e+00,192,384,0
native:cta,cdouble,192,512,256,T,native:cta,0.44291,0.44281,0.0009,915.6,0.964,0.00e+00,192,384,0
vendor,cdouble,192,512,512,T,vendor:auto,2.49863,2.50361,0.0087,324.6,0.342,0.00e+00,192,768,0
native:cta,cdouble,192,512,512,T,native:cta,0.87504,0.87506,0.0008,926.9,0.976,0.00e+00,192,768,0
vendor,cdouble,256,128,128,T,vendor:auto,0.03787,0.03756,0.0418,1792.8,1.887,0.00e+00,256,64,0
native:cta,cdouble,256,128,128,T,native:cta,0.05451,0.05450,0.0015,1245.6,1.311,0.00e+00,256,64,0
vendor,cdouble,256,128,256,T,vendor:auto,0.15785,0.15802,0.0054,860.3,0.906,0.00e+00,256,128,0
native:cta,cdouble,256,128,256,T,native:cta,0.15707,0.15718,0.0062,864.5,0.910,0.00e+00,256,128,0
vendor,cdouble,256,128,512,T,vendor:auto,0.30069,0.30076,0.0030,903.2,0.951,0.00e+00,256,256,0
native:cta,cdouble,256,128,512,T,native:cta,0.30070,0.30085,0.0029,903.2,0.951,0.00e+00,256,256,0
vendor,cdouble,256,256,128,T,vendor:auto,0.15764,0.15782,0.0061,858.1,0.903,0.00e+00,256,128,0
native:cta,cdouble,256,256,128,T,native:cta,0.15620,0.15635,0.0051,866.0,0.912,0.00e+00,256,128,0
vendor,cdouble,256,256,256,T,vendor:auto,0.30276,0.30245,0.0037,893.6,0.941,0.00e+00,256,256,0
native:cta,cdouble,256,256,256,T,native:cta,0.29990,0.30001,0.0041,902.1,0.950,0.00e+00,256,256,0
vendor,cdouble,256,256,512,T,vendor:auto,1.58371,1.58138,0.0089,341.6,0.360,0.00e+00,256,512,0
native:cta,cdouble,256,256,512,T,native:cta,0.58643,0.58666,0.0011,922.6,0.971,0.00e+00,256,512,0
vendor,cdouble,256,512,128,T,vendor:auto,0.30166,0.30154,0.0024,895.1,0.942,0.00e+00,256,256,0
native:cta,cdouble,256,512,128,T,native:cta,0.29879,0.29921,0.0041,903.7,0.951,0.00e+00,256,256,0
vendor,cdouble,256,512,256,T,vendor:auto,0.58979,0.58975,0.0017,915.6,0.964,0.00e+00,256,512,0
native:cta,cdouble,256,512,256,T,native:cta,0.58647,0.58676,0.0023,920.8,0.969,0.00e+00,256,512,0
vendor,cdouble,256,512,512,T,vendor:auto,3.33575,3.33591,0.0077,323.8,0.341,0.00e+00,256,1024,0
native:cta,cdouble,256,512,512,T,native:cta,1.15980,1.15986,0.0009,931.2,0.980,0.00e+00,256,1024,0
vendor,cdouble,320,128,128,T,vendor:auto,0.10225,0.10232,0.0133,829.4,0.873,0.00e+00,320,80,0
native:cta,cdouble,320,128,128,T,native:cta,0.09318,0.09339,0.0077,910.1,0.958,0.00e+00,320,80,0
vendor,cdouble,320,128,256,T,vendor:auto,0.22071,0.22083,0.0094,768.5,0.809,0.00e+00,320,160,0
native:cta,cdouble,320,128,256,T,native:cta,0.19226,0.19229,0.0052,882.2,0.929,0.00e+00,320,160,0
vendor,cdouble,320,128,512,T,vendor:auto,0.38629,0.38618,0.0023,878.1,0.924,0.00e+00,320,320,0
native:cta,cdouble,320,128,512,T,native:cta,0.37127,0.37153,0.0024,913.7,0.962,0.00e+00,320,320,0
vendor,cdouble,320,256,128,T,vendor:auto,0.21724,0.21747,0.0098,777.7,0.819,0.00e+00,320,160,0
native:cta,cdouble,320,256,128,T,native:cta,0.19185,0.19186,0.0034,880.6,0.927,0.00e+00,320,160,0
vendor,cdouble,320,256,256,T,vendor:auto,0.42082,0.42016,0.0102,803.0,0.845,0.00e+00,320,320,0
native:cta,cdouble,320,256,256,T,native:cta,0.36960,0.36992,0.0027,914.2,0.962,0.00e+00,320,320,0
vendor,cdouble,320,256,512,T,vendor:auto,2.09262,2.09641,0.0114,322.9,0.340,0.00e+00,320,640,0
native:cta,cdouble,320,256,512,T,native:cta,0.72772,0.72796,0.0014,928.7,0.978,0.00e+00,320,640,0
vendor,cdouble,320,512,128,T,vendor:auto,0.41995,0.42086,0.0047,803.1,0.845,0.00e+00,320,320,0
native:cta,cdouble,320,512,128,T,native:cta,0.36896,0.36905,0.0020,914.0,0.962,0.00e+00,320,320,0
vendor,cdouble,320,512,256,T,vendor:auto,0.81026,0.81090,0.0124,832.4,0.876,0.00e+00,320,640,0
native:cta,cdouble,320,512,256,T,native:cta,0.72666,0.72698,0.0016,928.2,0.977,0.00e+00,320,640,0
vendor,cdouble,320,512,512,T,vendor:auto,4.35787,4.35214,0.0052,309.6,0.326,0.00e+00,320,1280,0
native:cta,cdouble,320,512,512,T,native:cta,1.44171,1.44185,0.0006,935.7,0.985,0.00e+00,320,1280,0
vendor,cdouble,384,128,128,T,vendor:auto,0.11969,0.11974,0.0050,849.8,0.895,0.00e+00,384,96,0
native:cta,cdouble,384,128,128,T,native:cta,0.12080,0.12119,0.0107,842.0,0.886,0.00e+00,384,96,0
vendor,cdouble,384,128,256,T,vendor:auto,0.23772,0.23764,0.0081,855.7,0.901,0.00e+00,384,192,0
native:cta,cdouble,384,128,256,T,native:cta,0.22782,0.22875,0.0091,892.9,0.940,0.00e+00,384,192,0
vendor,cdouble,384,128,512,T,vendor:auto,0.45369,0.45411,0.0027,896.8,0.944,0.00e+00,384,384,0
native:cta,cdouble,384,128,512,T,native:cta,0.44297,0.44347,0.0028,918.5,0.967,0.00e+00,384,384,0
vendor,cdouble,384,256,128,T,vendor:auto,0.24720,0.24762,0.0066,819.7,0.863,0.00e+00,384,192,0
native:cta,cdouble,384,256,128,T,native:cta,0.22781,0.22776,0.0040,889.5,0.936,0.00e+00,384,192,0
vendor,cdouble,384,256,256,T,vendor:auto,0.45796,0.45814,0.0028,885.0,0.932,0.00e+00,384,384,0
native:cta,cdouble,384,256,256,T,native:cta,0.44141,0.44129,0.0016,918.1,0.966,0.00e+00,384,384,0
vendor,cdouble,384,256,512,T,vendor:auto,0.89839,0.89867,0.0009,902.2,0.950,0.00e+00,384,768,0
native:cta,cdouble,384,256,512,T,native:cta,0.87090,0.87089,0.0012,930.7,0.980,0.00e+00,384,768,0
vendor,cdouble,384,512,128,T,vendor:auto,0.45181,0.45180,0.0020,895.3,0.942,0.00e+00,384,384,0
native:cta,cdouble,384,512,128,T,native:cta,0.44046,0.44060,0.0023,918.3,0.967,0.00e+00,384,384,0
vendor,cdouble,384,512,256,T,vendor:auto,0.89848,0.89857,0.0026,900.4,0.948,0.00e+00,384,768,0
native:cta,cdouble,384,512,256,T,native:cta,0.86893,0.86905,0.0012,931.0,0.980,0.00e+00,384,768,0
vendor,cdouble,384,512,512,T,vendor:auto,1.78861,1.78708,0.0038,904.6,0.952,0.00e+00,384,1536,0
native:cta,cdouble,384,512,512,T,native:cta,1.72490,1.72512,0.0006,938.0,0.987,0.00e+00,384,1536,0
vendor,cdouble,448,128,128,T,vendor:auto,0.13822,0.13832,0.0043,858.2,0.903,0.00e+00,448,112,0
native:cta,cdouble,448,128,128,T,native:cta,0.13851,0.13851,0.0088,856.4,0.901,0.00e+00,448,112,0
vendor,cdouble,448,128,256,T,vendor:auto,0.27810,0.27730,0.0088,853.1,0.898,0.00e+00,448,224,0
native:cta,cdouble,448,128,256,T,native:cta,0.26387,0.26429,0.0036,899.1,0.946,0.00e+00,448,224,0
vendor,cdouble,448,128,512,T,vendor:auto,0.52429,0.52471,0.0038,905.0,0.953,0.00e+00,448,448,0
native:cta,cdouble,448,128,512,T,native:cta,0.51275,0.51279,0.0011,925.4,0.974,0.00e+00,448,448,0
vendor,cdouble,448,256,128,T,vendor:auto,0.28439,0.28452,0.0076,831.0,0.875,0.00e+00,448,224,0
native:cta,cdouble,448,256,128,T,native:cta,0.26289,0.26284,0.0036,898.9,0.946,0.00e+00,448,224,0
vendor,cdouble,448,256,256,T,vendor:auto,0.52992,0.53057,0.0031,891.9,0.939,0.00e+00,448,448,0
native:cta,cdouble,448,256,256,T,native:cta,0.51165,0.51173,0.0019,923.8,0.972,0.00e+00,448,448,0
vendor,cdouble,448,256,512,T,vendor:auto,1.04465,1.04432,0.0017,904.9,0.953,0.00e+00,448,896,0
native:cta,cdouble,448,256,512,T,native:cta,1.01232,1.01199,0.0012,933.8,0.983,0.00e+00,448,896,0
vendor,cdouble,448,512,128,T,vendor:auto,0.52012,0.52027,0.0035,907.0,0.955,0.00e+00,448,448,0
native:cta,cdouble,448,512,128,T,native:cta,0.51094,0.51125,0.0026,923.3,0.972,0.00e+00,448,448,0
vendor,cdouble,448,512,256,T,vendor:auto,1.03639,1.03630,0.0019,910.3,0.958,0.00e+00,448,896,0
native:cta,cdouble,448,512,256,T,native:cta,1.01012,1.01001,0.0016,934.0,0.983,0.00e+00,448,896,0
vendor,cdouble,448,512,512,T,vendor:auto,2.05893,2.05892,0.0025,916.5,0.965,0.00e+00,448,1792,0
native:cta,cdouble,448,512,512,T,native:cta,2.00713,2.00707,0.0005,940.1,0.990,0.00e+00,448,1792,0
vendor,cdouble,512,128,128,T,vendor:auto,0.15357,0.15376,0.0040,882.5,0.929,0.00e+00,512,128,0
native:cta,cdouble,512,128,128,T,native:cta,0.15645,0.15653,0.0066,866.3,0.912,0.00e+00,512,128,0
vendor,cdouble,512,128,256,T,vendor:auto,0.30628,0.30742,0.0124,885.0,0.932,0.00e+00,512,256,0
native:cta,cdouble,512,128,256,T,native:cta,0.29947,0.29964,0.0037,905.1,0.953,0.00e+00,512,256,0
vendor,cdouble,512,128,512,T,vendor:auto,0.59020,0.59047,0.0024,918.5,0.967,0.00e+00,512,512,0
native:cta,cdouble,512,128,512,T,native:cta,0.58635,0.58647,0.0041,924.6,0.973,0.00e+00,512,512,0
vendor,cdouble,512,256,128,T,vendor:auto,0.32178,0.32244,0.0057,839.1,0.883,0.00e+00,512,256,0
native:cta,cdouble,512,256,128,T,native:cta,0.29841,0.29896,0.0045,904.8,0.952,0.00e+00,512,256,0
vendor,cdouble,512,256,256,T,vendor:auto,0.60612,0.60596,0.0026,890.9,0.938,0.00e+00,512,512,0
native:cta,cdouble,512,256,256,T,native:cta,0.58470,0.58451,0.0036,923.6,0.972,0.00e+00,512,512,0
vendor,cdouble,512,256,512,T,vendor:auto,1.19458,1.19459,0.0015,904.1,0.952,0.00e+00,512,1024,0
native:cta,cdouble,512,256,512,T,native:cta,1.15393,1.15399,0.0011,936.0,0.985,0.00e+00,512,1024,0
vendor,cdouble,512,512,128,T,vendor:auto,0.58805,0.58850,0.0033,916.5,0.965,0.00e+00,512,512,0
native:cta,cdouble,512,512,128,T,native:cta,0.58281,0.58254,0.0018,924.8,0.973,0.00e+00,512,512,0
vendor,cdouble,512,512,256,T,vendor:auto,1.16853,1.16873,0.0031,922.5,0.971,0.00e+00,512,1024,0
native:cta,cdouble,512,512,256,T,native:cta,1.15203,1.15172,0.0011,935.7,0.985,0.00e+00,512,1024,0
vendor,cdouble,512,512,512,T,vendor:auto,2.31685,2.31929,0.0027,930.5,0.979,0.00e+00,512,2048,0
native:cta,cdouble,512,512,512,T,native:cta,2.29043,2.29060,0.0004,941.3,0.991,0.00e+00,512,2048,0
vendor,cdouble,32,128,128,C,vendor:auto,0.01310,0.01309,0.0066,665.6,0.701,0.00e+00,32,8,0
native:cta,cdouble,32,128,128,C,native:cta,0.02584,0.02585,0.0024,337.4,0.355,0.00e+00,32,8,0
vendor,cdouble,32,128,256,C,vendor:auto,0.01693,0.01699,0.0110,1029.6,1.084,0.00e+00,32,16,0
native:cta,cdouble,32,128,256,C,native:cta,0.04587,0.04588,0.0018,380.1,0.400,0.00e+00,32,16,0
vendor,cdouble,32,128,512,C,vendor:auto,0.02525,0.02521,0.0070,1381.0,1.454,0.00e+00,32,32,0
native:cta,cdouble,32,128,512,C,native:cta,0.08557,0.08554,0.0012,407.5,0.429,0.00e+00,32,32,0
vendor,cdouble,32,256,128,C,vendor:auto,0.01665,0.01666,0.0090,1042.8,1.098,0.00e+00,32,16,0
native:cta,cdouble,32,256,128,C,native:cta,0.04582,0.04583,0.0020,379.0,0.399,0.00e+00,32,16,0
vendor,cdouble,32,256,256,C,vendor:auto,0.02489,0.02498,0.0121,1395.7,1.469,0.00e+00,32,32,0
native:cta,cdouble,32,256,256,C,native:cta,0.08585,0.08604,0.0082,404.6,0.426,0.00e+00,32,32,0
vendor,cdouble,32,256,512,C,vendor:auto,0.04010,0.04014,0.0035,1732.5,1.824,0.00e+00,32,64,0
native:cta,cdouble,32,256,512,C,native:cta,0.16573,0.16587,0.0014,419.2,0.441,0.00e+00,32,64,0
vendor,cdouble,32,512,128,C,vendor:auto,0.02537,0.02530,0.0087,1366.6,1.439,0.00e+00,32,32,0
native:cta,cdouble,32,512,128,C,native:cta,0.08573,0.08573,0.0017,404.4,0.426,0.00e+00,32,32,0
vendor,cdouble,32,512,256,C,vendor:auto,0.04016,0.04038,0.0151,1726.5,1.817,0.00e+00,32,64,0
native:cta,cdouble,32,512,256,C,native:cta,0.16528,0.16539,0.0015,419.5,0.442,0.00e+00,32,64,0
vendor,cdouble,32,512,512,C,vendor:auto,0.16108,0.16103,0.0033,860.9,0.906,0.00e+00,32,128,0
native:cta,cdouble,32,512,512,C,native:cta,0.32562,0.32568,0.0010,425.9,0.448,0.00e+00,32,128,0
vendor,cdouble,48,128,128,C,vendor:auto,0.01434,0.01440,0.0143,902.5,0.950,0.00e+00,48,12,0
native:cta,cdouble,48,128,128,C,native:cta,0.03409,0.03412,0.0032,379.7,0.400,0.00e+00,48,12,0
vendor,cdouble,48,128,256,C,vendor:auto,0.02147,0.02145,0.0186,1205.9,1.269,0.00e+00,48,24,0
native:cta,cdouble,48,128,256,C,native:cta,0.06228,0.06226,0.0011,415.6,0.438,0.00e+00,48,24,0
vendor,cdouble,48,128,512,C,vendor:auto,0.03167,0.03175,0.0081,1635.0,1.721,0.00e+00,48,48,0
native:cta,cdouble,48,128,512,C,native:cta,0.11839,0.11841,0.0010,437.3,0.460,0.00e+00,48,48,0
vendor,cdouble,48,256,128,C,vendor:auto,0.02097,0.02105,0.0133,1229.8,1.295,0.00e+00,48,24,0
native:cta,cdouble,48,256,128,C,native:cta,0.06233,0.06232,0.0015,413.7,0.436,0.00e+00,48,24,0
vendor,cdouble,48,256,256,C,vendor:auto,0.03179,0.03209,0.0196,1622.4,1.708,0.00e+00,48,48,0
native:cta,cdouble,48,256,256,C,native:cta,0.11864,0.11866,0.0008,434.7,0.458,0.00e+00,48,48,0
vendor,cdouble,48,256,512,C,vendor:auto,0.17590,0.17537,0.0375,586.4,0.617,0.00e+00,48,96,0
native:cta,cdouble,48,256,512,C,native:cta,0.23367,0.23365,0.0014,441.4,0.465,0.00e+00,48,96,0
vendor,cdouble,48,512,128,C,vendor:auto,0.03152,0.03166,0.0106,1632.9,1.719,0.00e+00,48,48,0
native:cta,cdouble,48,512,128,C,native:cta,0.11868,0.11867,0.0011,433.7,0.457,0.00e+00,48,48,0
vendor,cdouble,48,512,256,C,vendor:auto,0.18153,0.17965,0.0404,567.2,0.597,0.00e+00,48,96,0
native:cta,cdouble,48,512,256,C,native:cta,0.23352,0.23350,0.0009,440.9,0.464,0.00e+00,48,96,0
vendor,cdouble,48,512,512,C,vendor:auto,0.34839,0.33706,0.0770,591.0,0.622,0.00e+00,48,192,0
native:cta,cdouble,48,512,512,C,native:cta,0.45917,0.45917,0.0004,448.4,0.472,0.00e+00,48,192,0
vendor,cdouble,64,128,128,C,vendor:auto,0.01584,0.01591,0.0184,1083.9,1.141,0.00e+00,64,16,0
native:cta,cdouble,64,128,128,C,native:cta,0.03012,0.03018,0.0061,570.0,0.600,0.00e+00,64,16,0
vendor,cdouble,64,128,256,C,vendor:auto,0.02463,0.02456,0.0075,1394.3,1.468,0.00e+00,64,32,0
native:cta,cdouble,64,128,256,C,native:cta,0.05423,0.05428,0.0023,633.2,0.667,0.00e+00,64,32,0
vendor,cdouble,64,128,512,C,vendor:auto,0.03719,0.03748,0.0165,1846.6,1.944,0.00e+00,64,64,0
native:cta,cdouble,64,128,512,C,native:cta,0.10248,0.10249,0.0021,670.2,0.705,0.00e+00,64,64,0
vendor,cdouble,64,256,128,C,vendor:auto,0.02437,0.02446,0.0115,1403.6,1.477,0.00e+00,64,32,0
native:cta,cdouble,64,256,128,C,native:cta,0.05398,0.05398,0.0016,633.7,0.667,0.00e+00,64,32,0
vendor,cdouble,64,256,256,C,vendor:auto,0.03750,0.03752,0.0039,1824.6,1.921,0.00e+00,64,64,0
native:cta,cdouble,64,256,256,C,native:cta,0.10232,0.10233,0.0011,668.7,0.704,0.00e+00,64,64,0
vendor,cdouble,64,256,512,C,vendor:auto,0.37478,0.37520,0.0035,365.1,0.384,0.00e+00,64,128,0
native:cta,cdouble,64,256,512,C,native:cta,0.20024,0.20018,0.0009,683.4,0.719,0.00e+00,64,128,0
vendor,cdouble,64,512,128,C,vendor:auto,0.03758,0.03785,0.0168,1817.3,1.913,0.00e+00,64,64,0
native:cta,cdouble,64,512,128,C,native:cta,0.10249,0.10249,0.0020,666.3,0.701,0.00e+00,64,64,0
vendor,cdouble,64,512,256,C,vendor:auto,0.37541,0.37551,0.0043,363.8,0.383,0.00e+00,64,128,0
native:cta,cdouble,64,512,256,C,native:cta,0.20022,0.20022,0.0009,682.1,0.718,0.00e+00,64,128,0
vendor,cdouble,64,512,512,C,vendor:auto,0.75313,0.75273,0.0022,362.7,0.382,0.00e+00,64,256,0
native:cta,cdouble,64,512,512,C,native:cta,0.39252,0.39251,0.0004,695.9,0.733,0.00e+00,64,256,0
vendor,cdouble,80,128,128,C,vendor:auto,0.01727,0.01737,0.0091,1238.9,1.304,0.00e+00,80,20,0
native:cta,cdouble,80,128,128,C,native:cta,0.03417,0.03412,0.0026,626.2,0.659,0.00e+00,80,20,0
vendor,cdouble,80,128,256,C,vendor:auto,0.02905,0.02908,0.0202,1473.3,1.551,0.00e+00,80,40,0
native:cta,cdouble,80,128,256,C,native:cta,0.06251,0.06251,0.0016,684.6,0.721,0.00e+00,80,40,0
vendor,cdouble,80,128,512,C,vendor:auto,0.21589,0.21588,0.0049,396.5,0.417,0.00e+00,80,80,0
native:cta,cdouble,80,128,512,C,native:cta,0.12337,0.12344,0.0011,693.8,0.730,0.00e+00,80,80,0
vendor,cdouble,80,256,128,C,vendor:auto,0.02951,0.02963,0.0132,1444.6,1.521,0.00e+00,80,40,0
native:cta,cdouble,80,256,128,C,native:cta,0.06253,0.06249,0.0012,681.8,0.718,0.00e+00,80,40,0
vendor,cdouble,80,256,256,C,vendor:auto,0.22734,0.22700,0.0062,375.0,0.395,0.00e+00,80,80,0
native:cta,cdouble,80,256,256,C,native:cta,0.12365,0.12367,0.0023,689.6,0.726,0.00e+00,80,80,0
vendor,cdouble,80,256,512,C,vendor:auto,0.48200,0.48163,0.0106,353.8,0.372,0.00e+00,80,160,0
native:cta,cdouble,80,256,512,C,native:cta,0.23653,0.23651,0.0010,721.0,0.759,0.00e+00,80,160,0
vendor,cdouble,80,512,128,C,vendor:auto,0.21940,0.21927,0.0052,387.9,0.408,0.00e+00,80,80,0
native:cta,cdouble,80,512,128,C,native:cta,0.12361,0.12360,0.0013,688.5,0.725,0.00e+00,80,80,0
vendor,cdouble,80,512,256,C,vendor:auto,0.48782,0.48649,0.0091,348.9,0.367,0.00e+00,80,160,0
native:cta,cdouble,80,512,256,C,native:cta,0.23653,0.23651,0.0007,719.6,0.757,0.00e+00,80,160,0
vendor,cdouble,80,512,512,C,vendor:auto,0.96152,0.96025,0.0050,354.0,0.373,0.00e+00,80,320,0
native:cta,cdouble,80,512,512,C,native:cta,0.46180,0.46174,0.0004,737.1,0.776,0.00e+00,80,320,0
vendor,cdouble,128,128,128,C,vendor:auto,0.02277,0.02305,0.0278,1496.8,1.576,0.00e+00,128,32,0
native:cta,cdouble,128,128,128,C,native:cta,0.03842,0.03837,0.0034,887.1,0.934,0.00e+00,128,32,0
vendor,cdouble,128,128,256,C,vendor:auto,0.03665,0.03670,0.0085,1859.6,1.958,0.00e+00,128,64,0
native:cta,cdouble,128,128,256,C,native:cta,0.07086,0.07084,0.0017,961.9,1.013,0.00e+00,128,64,0
vendor,cdouble,128,128,512,C,vendor:auto,0.15899,0.15914,0.0035,857.4,0.903,0.00e+00,128,128,0
native:cta,cdouble,128,128,512,C,native:cta,0.15802,0.15786,0.0035,862.7,0.908,0.00e+00,128,128,0
vendor,cdouble,128,256,128,C,vendor:auto,0.03668,0.03684,0.0092,1850.8,1.948,0.00e+00,128,64,0
native:cta,cdouble,128,256,128,C,native:cta,0.07074,0.07073,0.0008,959.8,1.010,0.00e+00,128,64,0
vendor,cdouble,128,256,256,C,vendor:auto,0.15573,0.15587,0.0022,872.0,0.918,0.00e+00,128,128,0
native:cta,cdouble,128,256,256,C,native:cta,0.15714,0.15744,0.0052,864.1,0.910,0.00e+00,128,128,0
vendor,cdouble,128,256,512,C,vendor:auto,0.76380,0.76660,0.0117,355.6,0.374,0.00e+00,128,256,0
native:cta,cdouble,128,256,512,C,native:cta,0.30268,0.30276,0.0018,897.3,0.944,0.00e+00,128,256,0
vendor,cdouble,128,512,128,C,vendor:auto,0.15289,0.15292,0.0041,886.4,0.933,0.00e+00,128,128,0
native:cta,cdouble,128,512,128,C,native:cta,0.15650,0.15661,0.0030,866.0,0.912,0.00e+00,128,128,0
vendor,cdouble,128,512,256,C,vendor:auto,0.30080,0.30087,0.0028,901.1,0.949,0.00e+00,128,256,0
native:cta,cdouble,128,512,256,C,native:cta,0.30145,0.30149,0.0021,899.2,0.946,0.00e+00,128,256,0
vendor,cdouble,128,512,512,C,vendor:auto,1.62444,1.61948,0.0111,333.7,0.351,0.00e+00,128,512,0
native:cta,cdouble,128,512,512,C,native:cta,0.59018,0.59033,0.0013,918.6,0.967,0.00e+00,128,512,0
vendor,cdouble,192,128,128,C,vendor:auto,0.02907,0.02954,0.0323,1754.0,1.846,0.00e+00,192,48,0
native:cta,cdouble,192,128,128,C,native:cta,0.04648,0.04650,0.0014,1097.0,1.155,0.00e+00,192,48,0
vendor,cdouble,192,128,256,C,vendor:auto,0.12816,0.12823,0.0036,795.7,0.838,0.00e+00,192,96,0
native:cta,cdouble,192,128,256,C,native:cta,0.12005,0.12017,0.0056,849.4,0.894,0.00e+00,192,96,0
vendor,cdouble,192,128,512,C,vendor:auto,0.26079,0.26757,0.0930,782.0,0.823,0.00e+00,192,192,0
native:cta,cdouble,192,128,512,C,native:cta,0.22852,0.22871,0.0030,892.5,0.939,0.00e+00,192,192,0
vendor,cdouble,192,256,128,C,vendor:auto,0.12892,0.12899,0.0069,788.0,0.829,0.00e+00,192,96,0
native:cta,cdouble,192,256,128,C,native:cta,0.11999,0.11997,0.0037,846.6,0.891,0.00e+00,192,96,0
vendor,cdouble,192,256,256,C,vendor:auto,0.24090,0.24631,0.0498,843.3,0.888,0.00e+00,192,192,0
native:cta,cdouble,192,256,256,C,native:cta,0.22771,0.22770,0.0035,892.2,0.939,0.00e+00,192,192,0
vendor,cdouble,192,256,512,C,vendor:auto,1.23679,1.23756,0.0034,328.5,0.346,0.00e+00,192,384,0
native:cta,cdouble,192,256,512,C,native:cta,0.44385,0.44426,0.0026,915.5,0.964,0.00e+00,192,384,0
vendor,cdouble,192,512,128,C,vendor:auto,0.23940,0.23981,0.0065,847.0,0.892,0.00e+00,192,192,0
native:cta,cdouble,192,512,128,C,native:cta,0.22839,0.22837,0.0020,887.8,0.935,0.00e+00,192,192,0
vendor,cdouble,192,512,256,C,vendor:auto,0.45038,0.45074,0.0025,900.4,0.948,0.00e+00,192,384,0
native:cta,cdouble,192,512,256,C,native:cta,0.44355,0.44366,0.0024,914.3,0.962,0.00e+00,192,384,0
vendor,cdouble,192,512,512,C,vendor:auto,2.57892,2.58603,0.0088,314.5,0.331,0.00e+00,192,768,0
native:cta,cdouble,192,512,512,C,native:cta,0.87538,0.87576,0.0019,926.5,0.975,0.00e+00,192,768,0
vendor,cdouble,256,128,128,C,vendor:auto,0.03731,0.03786,0.0411,1819.9,1.916,0.00e+00,256,64,0
native:cta,cdouble,256,128,128,C,native:cta,0.05460,0.05459,0.0015,1243.5,1.309,0.00e+00,256,64,0
vendor,cdouble,256,128,256,C,vendor:auto,0.15820,0.15837,0.0052,858.3,0.904,0.00e+00,256,128,0
native:cta,cdouble,256,128,256,C,native:cta,0.15663,0.15671,0.0063,867.0,0.913,0.00e+00,256,128,0
vendor,cdouble,256,128,512,C,vendor:auto,0.31209,0.31179,0.0037,870.2,0.916,0.00e+00,256,256,0
native:cta,cdouble,256,128,512,C,native:cta,0.30093,0.30073,0.0029,902.5,0.950,0.00e+00,256,256,0
vendor,cdouble,256,256,128,C,vendor:auto,0.15397,0.15411,0.0041,878.5,0.925,0.00e+00,256,128,0
native:cta,cdouble,256,256,128,C,native:cta,0.15601,0.15593,0.0047,867.1,0.913,0.00e+00,256,128,0
vendor,cdouble,256,256,256,C,vendor:auto,0.30212,0.30224,0.0042,895.4,0.943,0.00e+00,256,256,0
native:cta,cdouble,256,256,256,C,native:cta,0.29920,0.29949,0.0038,904.2,0.952,0.00e+00,256,256,0
vendor,cdouble,256,256,512,C,vendor:auto,1.66184,1.65850,0.0082,325.6,0.343,0.00e+00,256,512,0
native:cta,cdouble,256,256,512,C,native:cta,0.58670,0.58694,0.0014,922.2,0.971,0.00e+00,256,512,0
vendor,cdouble,256,512,128,C,vendor:auto,0.30171,0.30161,0.0020,894.9,0.942,0.00e+00,256,256,0
native:cta,cdouble,256,512,128,C,native:cta,0.29882,0.29903,0.0033,903.6,0.951,0.00e+00,256,256,0
vendor,cdouble,256,512,256,C,vendor:auto,0.59005,0.59015,0.0025,915.2,0.963,0.00e+00,256,512,0
native:cta,cdouble,256,512,256,C,native:cta,0.58623,0.58626,0.0015,921.2,0.970,0.00e+00,256,512,0
vendor,cdouble,256,512,512,C,vendor:auto,3.49416,3.49206,0.0048,309.1,0.325,0.00e+00,256,1024,0
native:cta,cdouble,256,512,512,C,native:cta,1.15919,1.15913,0.0005,931.7,0.981,0.00e+00,256,1024,0
vendor,cdouble,320,128,128,C,vendor:auto,0.10579,0.10625,0.0107,801.6,0.844,0.00e+00,320,80,0
native:cta,cdouble,320,128,128,C,native:cta,0.09687,0.09711,0.0113,875.4,0.922,0.00e+00,320,80,0
vendor,cdouble,320,128,256,C,vendor:auto,0.21722,0.21719,0.0087,780.8,0.822,0.00e+00,320,160,0
native:cta,cdouble,320,128,256,C,native:cta,0.19278,0.19283,0.0039,879.8,0.926,0.00e+00,320,160,0
vendor,cdouble,320,128,512,C,vendor:auto,0.41935,0.41869,0.0039,808.9,0.851,0.00e+00,320,320,0
native:cta,cdouble,320,128,512,C,native:cta,0.37155,0.37170,0.0017,913.0,0.961,0.00e+00,320,320,0
vendor,cdouble,320,256,128,C,vendor:auto,0.21857,0.21837,0.0110,773.0,0.814,0.00e+00,320,160,0
native:cta,cdouble,320,256,128,C,native:cta,0.19223,0.19223,0.0030,878.9,0.925,0.00e+00,320,160,0
vendor,cdouble,320,256,256,C,vendor:auto,0.41527,0.41510,0.0092,813.7,0.857,0.00e+00,320,320,0
native:cta,cdouble,320,256,256,C,native:cta,0.36999,0.37043,0.0029,913.3,0.961,0.00e+00,320,320,0
vendor,cdouble,320,256,512,C,vendor:auto,2.08855,2.08976,0.0113,323.6,0.341,0.00e+00,320,640,0
native:cta,cdouble,320,256,512,C,native:cta,0.72796,0.72793,0.0005,928.4,0.977,0.00e+00,320,640,0
vendor,cdouble,320,512,128,C,vendor:auto,0.42085,0.41994,0.0118,801.4,0.844,0.00e+00,320,320,0
native:cta,cdouble,320,512,128,C,native:cta,0.36967,0.36982,0.0029,912.3,0.960,0.00e+00,320,320,0
vendor,cdouble,320,512,256,C,vendor:auto,0.81512,0.81529,0.0059,827.5,0.871,0.00e+00,320,640,0
native:cta,cdouble,320,512,256,C,native:cta,0.72692,0.72684,0.0008,927.9,0.977,0.00e+00,320,640,0
vendor,cdouble,320,512,512,C,vendor:auto,4.39179,4.39831,0.0068,307.2,0.323,0.00e+00,320,1280,0
native:cta,cdouble,320,512,512,C,native:cta,1.44168,1.44196,0.0007,935.7,0.985,0.00e+00,320,1280,0
vendor,cdouble,384,128,128,C,vendor:auto,0.12345,0.12350,0.0033,823.9,0.867,0.00e+00,384,96,0
native:cta,cdouble,384,128,128,C,native:cta,0.12098,0.12104,0.0093,840.7,0.885,0.00e+00,384,96,0
vendor,cdouble,384,128,256,C,vendor:auto,0.25850,0.25779,0.0103,786.9,0.828,0.00e+00,384,192,0
native:cta,cdouble,384,128,256,C,native:cta,0.22797,0.22800,0.0039,892.3,0.939,0.00e+00,384,192,0
vendor,cdouble,384,128,512,C,vendor:auto,0.49324,0.49351,0.0049,824.8,0.868,0.00e+00,384,384,0
native:cta,cdouble,384,128,512,C,native:cta,0.44383,0.44367,0.0030,916.7,0.965,0.00e+00,384,384,0
vendor,cdouble,384,256,128,C,vendor:auto,0.24290,0.24397,0.0072,834.3,0.878,0.00e+00,384,192,0
native:cta,cdouble,384,256,128,C,native:cta,0.22768,0.22768,0.0035,890.0,0.937,0.00e+00,384,192,0
vendor,cdouble,384,256,256,C,vendor:auto,0.45741,0.45730,0.0026,886.0,0.933,0.00e+00,384,384,0
native:cta,cdouble,384,256,256,C,native:cta,0.44078,0.44120,0.0034,919.5,0.968,0.00e+00,384,384,0
vendor,cdouble,384,256,512,C,vendor:auto,0.89842,0.89938,0.0026,902.2,0.950,0.00e+00,384,768,0
native:cta,cdouble,384,256,512,C,native:cta,0.87050,0.87050,0.0012,931.1,0.980,0.00e+00,384,768,0
vendor,cdouble,384,512,128,C,vendor:auto,0.49612,0.49604,0.0057,815.3,0.858,0.00e+00,384,384,0
native:cta,cdouble,384,512,128,C,native:cta,0.44088,0.44108,0.0031,917.5,0.966,0.00e+00,384,384,0
vendor,cdouble,384,512,256,C,vendor:auto,0.97901,0.98026,0.0072,826.3,0.870,0.00e+00,384,768,0
native:cta,cdouble,384,512,256,C,native:cta,0.86873,0.86862,0.0013,931.2,0.980,0.00e+00,384,768,0
vendor,cdouble,384,512,512,C,vendor:auto,2.00522,2.01657,0.0093,806.9,0.849,0.00e+00,384,1536,0
native:cta,cdouble,384,512,512,C,native:cta,1.72458,1.72493,0.0007,938.2,0.988,0.00e+00,384,1536,0
vendor,cdouble,448,128,128,C,vendor:auto,0.14237,0.14252,0.0040,833.2,0.877,0.00e+00,448,112,0
native:cta,cdouble,448,128,128,C,native:cta,0.13840,0.13881,0.0094,857.1,0.902,0.00e+00,448,112,0
vendor,cdouble,448,128,256,C,vendor:auto,0.29685,0.29602,0.0097,799.2,0.841,0.00e+00,448,224,0
native:cta,cdouble,448,128,256,C,native:cta,0.26383,0.26373,0.0036,899.2,0.947,0.00e+00,448,224,0
vendor,cdouble,448,128,512,C,vendor:auto,0.56184,0.56126,0.0041,844.5,0.889,0.00e+00,448,448,0
native:cta,cdouble,448,128,512,C,native:cta,0.51347,0.51367,0.0020,924.1,0.973,0.00e+00,448,448,0
vendor,cdouble,448,256,128,C,vendor:auto,0.28468,0.28469,0.0101,830.1,0.874,0.00e+00,448,224,0
native:cta,cdouble,448,256,128,C,native:cta,0.26273,0.26270,0.0024,899.5,0.947,0.00e+00,448,224,0
vendor,cdouble,448,256,256,C,vendor:auto,0.53035,0.53034,0.0026,891.2,0.938,0.00e+00,448,448,0
native:cta,cdouble,448,256,256,C,native:cta,0.51190,0.51197,0.0016,923.3,0.972,0.00e+00,448,448,0
vendor,cdouble,448,256,512,C,vendor:auto,1.04258,1.04295,0.0017,906.7,0.954,0.00e+00,448,896,0
native:cta,cdouble,448,256,512,C,native:cta,1.01179,1.01187,0.0014,934.3,0.983,0.00e+00,448,896,0
vendor,cdouble,448,512,128,C,vendor:auto,0.56237,0.56184,0.0037,838.8,0.883,0.00e+00,448,448,0
native:cta,cdouble,448,512,128,C,native:cta,0.51040,0.51081,0.0018,924.2,0.973,0.00e+00,448,448,0
vendor,cdouble,448,512,256,C,vendor:auto,1.13584,1.13804,0.0093,830.6,0.874,0.00e+00,448,896,0
native:cta,cdouble,448,512,256,C,native:cta,1.00978,1.00968,0.0014,934.3,0.983,0.00e+00,448,896,0
vendor,cdouble,448,512,512,C,vendor:auto,2.28610,2.28798,0.0117,825.4,0.869,0.00e+00,448,1792,0
native:cta,cdouble,448,512,512,C,native:cta,2.00801,2.00793,0.0008,939.7,0.989,0.00e+00,448,1792,0
vendor,cdouble,512,128,128,C,vendor:auto,0.15634,0.15670,0.0096,866.9,0.913,0.00e+00,512,128,0
native:cta,cdouble,512,128,128,C,native:cta,0.15703,0.15712,0.0121,863.1,0.908,0.00e+00,512,128,0
vendor,cdouble,512,128,256,C,vendor:auto,0.31737,0.31767,0.0069,854.1,0.899,0.00e+00,512,256,0
native:cta,cdouble,512,128,256,C,native:cta,0.30038,0.30000,0.0046,902.4,0.950,0.00e+00,512,256,0
vendor,cdouble,512,128,512,C,vendor:auto,0.62069,0.62228,0.0075,873.4,0.919,0.00e+00,512,512,0
native:cta,cdouble,512,128,512,C,native:cta,0.58543,0.58536,0.0022,926.0,0.975,0.00e+00,512,512,0
vendor,cdouble,512,256,128,C,vendor:auto,0.32666,0.32547,0.0082,826.6,0.870,0.00e+00,512,256,0
native:cta,cdouble,512,256,128,C,native:cta,0.29863,0.29893,0.0061,904.1,0.952,0.00e+00,512,256,0
vendor,cdouble,512,256,256,C,vendor:auto,0.60690,0.60632,0.0025,889.8,0.937,0.00e+00,512,512,0
native:cta,cdouble,512,256,256,C,native:cta,0.58370,0.58401,0.0027,925.2,0.974,0.00e+00,512,512,0
vendor,cdouble,512,256,512,C,vendor:auto,1.19534,1.19601,0.0023,903.5,0.951,0.00e+00,512,1024,0
native:cta,cdouble,512,256,512,C,native:cta,1.16003,1.17615,0.0301,931.0,0.980,0.00e+00,512,1024,0
vendor,cdouble,512,512,128,C,vendor:auto,0.62279,0.62299,0.0050,865.4,0.911,0.00e+00,512,512,0
native:cta,cdouble,512,512,128,C,native:cta,0.58198,0.58227,0.0018,926.1,0.975,0.00e+00,512,512,0
vendor,cdouble,512,512,256,C,vendor:auto,1.25503,1.25894,0.0107,858.9,0.904,0.00e+00,512,1024,0
native:cta,cdouble,512,512,256,C,native:cta,1.15272,1.15326,0.0017,935.1,0.984,0.00e+00,512,1024,0
vendor,cdouble,512,512,512,C,vendor:auto,2.52675,2.51729,0.0096,853.2,0.898,0.00e+00,512,2048,0
native:cta,cdouble,512,512,512,C,native:cta,2.29034,2.29040,0.0006,941.3,0.991,0.00e+00,512,2048,0
