m,n,k,batch,beta,tA,tB,arm,rep,gflops
992,992,32,128,0,0,0,vendor,1,1117.6
992,992,32,128,0,0,0,vendor,2,1165.0
992,992,32,128,0,0,0,vendor,3,1166.4
992,992,32,128,0,0,0,sycl,1,1278.4
992,992,32,128,0,0,0,sycl,2,1278.0
992,992,32,128,0,0,0,sycl,3,1277.7
992,992,32,128,1,0,0,vendor,1,1136.7
992,992,32,128,1,0,0,vendor,2,1135.5
992,992,32,128,1,0,0,vendor,3,1136.0
992,992,32,128,1,0,0,sycl,1,1278.3
992,992,32,128,1,0,0,sycl,2,1278.4
992,992,32,128,1,0,0,sycl,3,1276.4
992,992,32,128,0,0,1,vendor,1,1165.7
992,992,32,128,0,0,1,vendor,2,1166.6
992,992,32,128,0,0,1,vendor,3,1160.1
992,992,32,128,0,0,1,sycl,1,1285.4
992,992,32,128,0,0,1,sycl,2,1284.9
992,992,32,128,0,0,1,sycl,3,1284.2
992,992,32,128,1,0,1,vendor,1,1136.3
992,992,32,128,1,0,1,vendor,2,1136.7
992,992,32,128,1,0,1,vendor,3,1135.8
992,992,32,128,1,0,1,sycl,1,1284.5
992,992,32,128,1,0,1,sycl,2,1283.6
992,992,32,128,1,0,1,sycl,3,1284.2
992,992,32,128,0,1,0,vendor,1,1160.9
992,992,32,128,0,1,0,vendor,2,1161.4
992,992,32,128,0,1,0,vendor,3,1162.2
992,992,32,128,0,1,0,sycl,1,1284.0
992,992,32,128,0,1,0,sycl,2,1281.7
992,992,32,128,0,1,0,sycl,3,1278.9
992,992,32,128,1,1,0,vendor,1,1129.9
992,992,32,128,1,1,0,vendor,2,1131.1
992,992,32,128,1,1,0,vendor,3,1122.7
992,992,32,128,1,1,0,sycl,1,1282.7
992,992,32,128,1,1,0,sycl,2,1282.9
992,992,32,128,1,1,0,sycl,3,1283.1
480,480,32,128,0,0,0,vendor,1,1104.2
480,480,32,128,0,0,0,vendor,2,1105.6
480,480,32,128,0,0,0,vendor,3,1105.6
480,480,32,128,0,0,0,sycl,1,1262.5
480,480,32,128,0,0,0,sycl,2,1262.9
480,480,32,128,0,0,0,sycl,3,1262.9
480,480,32,128,1,0,0,vendor,1,1087.7
480,480,32,128,1,0,0,vendor,2,1086.9
480,480,32,128,1,0,0,vendor,3,1087.6
480,480,32,128,1,0,0,sycl,1,1261.9
480,480,32,128,1,0,0,sycl,2,1260.3
480,480,32,128,1,0,0,sycl,3,1261.9
480,480,32,128,0,0,1,vendor,1,1105.7
480,480,32,128,0,0,1,vendor,2,1105.5
480,480,32,128,0,0,1,vendor,3,1107.7
480,480,32,128,0,0,1,sycl,1,1269.8
480,480,32,128,0,0,1,sycl,2,1269.3
480,480,32,128,0,0,1,sycl,3,1268.2
480,480,32,128,1,0,1,vendor,1,1085.8
480,480,32,128,1,0,1,vendor,2,1087.6
480,480,32,128,1,0,1,vendor,3,1088.5
480,480,32,128,1,0,1,sycl,1,1269.4
480,480,32,128,1,0,1,sycl,2,1269.8
480,480,32,128,1,0,1,sycl,3,1268.3
480,480,32,128,0,1,0,vendor,1,1081.5
480,480,32,128,0,1,0,vendor,2,1086.3
480,480,32,128,0,1,0,vendor,3,1106.8
480,480,32,128,0,1,0,sycl,1,1268.2
480,480,32,128,0,1,0,sycl,2,1270.0
480,480,32,128,0,1,0,sycl,3,1271.0
480,480,32,128,1,1,0,vendor,1,1085.2
480,480,32,128,1,1,0,vendor,2,1085.3
480,480,32,128,1,1,0,vendor,3,1083.5
480,480,32,128,1,1,0,sycl,1,1269.9
480,480,32,128,1,1,0,sycl,2,1268.2
480,480,32,128,1,1,0,sycl,3,1269.1
288,288,32,128,0,0,0,vendor,1,1019.5
288,288,32,128,0,0,0,vendor,2,1018.9
288,288,32,128,0,0,0,vendor,3,1017.5
288,288,32,128,0,0,0,sycl,1,1242.4
288,288,32,128,0,0,0,sycl,2,1244.0
288,288,32,128,0,0,0,sycl,3,1242.1
288,288,32,128,1,0,0,vendor,1,1026.4
288,288,32,128,1,0,0,vendor,2,1028.0
288,288,32,128,1,0,0,vendor,3,1008.5
288,288,32,128,1,0,0,sycl,1,1240.3
288,288,32,128,1,0,0,sycl,2,1242.0
288,288,32,128,1,0,0,sycl,3,1240.6
288,288,32,128,0,0,1,vendor,1,1021.1
288,288,32,128,0,0,1,vendor,2,1019.8
288,288,32,128,0,0,1,vendor,3,1024.1
288,288,32,128,0,0,1,sycl,1,1249.1
288,288,32,128,0,0,1,sycl,2,1250.3
288,288,32,128,0,0,1,sycl,3,1249.3
288,288,32,128,1,0,1,vendor,1,1028.7
288,288,32,128,1,0,1,vendor,2,1021.0
288,288,32,128,1,0,1,vendor,3,1027.2
288,288,32,128,1,0,1,sycl,1,1249.6
288,288,32,128,1,0,1,sycl,2,1250.5
288,288,32,128,1,0,1,sycl,3,1249.2
288,288,32,128,0,1,0,vendor,1,1019.4
288,288,32,128,0,1,0,vendor,2,1020.8
288,288,32,128,0,1,0,vendor,3,1022.1
288,288,32,128,0,1,0,sycl,1,1250.2
288,288,32,128,0,1,0,sycl,2,1250.4
288,288,32,128,0,1,0,sycl,3,1249.8
288,288,32,128,1,1,0,vendor,1,1025.8
288,288,32,128,1,1,0,vendor,2,1026.0
288,288,32,128,1,1,0,vendor,3,1024.3
288,288,32,128,1,1,0,sycl,1,1252.2
288,288,32,128,1,1,0,sycl,2,1247.2
288,288,32,128,1,1,0,sycl,3,1251.9
224,224,32,128,0,0,0,vendor,1,990.44
224,224,32,128,0,0,0,vendor,2,989.38
224,224,32,128,0,0,0,vendor,3,996.39
224,224,32,128,0,0,0,sycl,1,1227.9
224,224,32,128,0,0,0,sycl,2,1226.6
224,224,32,128,0,0,0,sycl,3,1229.0
224,224,32,128,1,0,0,vendor,1,990.26
224,224,32,128,1,0,0,vendor,2,987.24
224,224,32,128,1,0,0,vendor,3,986.99
224,224,32,128,1,0,0,sycl,1,1230.5
224,224,32,128,1,0,0,sycl,2,1229.0
224,224,32,128,1,0,0,sycl,3,1223.0
224,224,32,128,0,0,1,vendor,1,993.83
224,224,32,128,0,0,1,vendor,2,996.84
224,224,32,128,0,0,1,vendor,3,994.91
224,224,32,128,0,0,1,sycl,1,1234.2
224,224,32,128,0,0,1,sycl,2,1237.7
224,224,32,128,0,0,1,sycl,3,1237.7
224,224,32,128,1,0,1,vendor,1,988.99
224,224,32,128,1,0,1,vendor,2,989.81
224,224,32,128,1,0,1,vendor,3,989.99
224,224,32,128,1,0,1,sycl,1,1238.9
224,224,32,128,1,0,1,sycl,2,1235.1
224,224,32,128,1,0,1,sycl,3,1234.9
224,224,32,128,0,1,0,vendor,1,995.50
224,224,32,128,0,1,0,vendor,2,994.77
224,224,32,128,0,1,0,vendor,3,993.75
224,224,32,128,0,1,0,sycl,1,1236.9
224,224,32,128,0,1,0,sycl,2,1239.4
224,224,32,128,0,1,0,sycl,3,1240.1
224,224,32,128,1,1,0,vendor,1,988.59
224,224,32,128,1,1,0,vendor,2,989.43
224,224,32,128,1,1,0,vendor,3,984.22
224,224,32,128,1,1,0,sycl,1,1233.5
224,224,32,128,1,1,0,sycl,2,1238.7
224,224,32,128,1,1,0,sycl,3,1237.2
248,248,8,128,0,0,0,vendor,1,479.29
248,248,8,128,0,0,0,vendor,2,477.65
248,248,8,128,0,0,0,vendor,3,479.33
248,248,8,128,0,0,0,sycl,1,640.27
248,248,8,128,0,0,0,sycl,2,639.33
248,248,8,128,0,0,0,sycl,3,641.65
248,248,8,128,1,0,0,vendor,1,463.45
248,248,8,128,1,0,0,vendor,2,459.28
248,248,8,128,1,0,0,vendor,3,462.69
248,248,8,128,1,0,0,sycl,1,650.19
248,248,8,128,1,0,0,sycl,2,644.72
248,248,8,128,1,0,0,sycl,3,660.33
248,248,8,128,0,0,1,vendor,1,474.73
248,248,8,128,0,0,1,vendor,2,474.60
248,248,8,128,0,0,1,vendor,3,475.00
248,248,8,128,0,0,1,sycl,1,654.50
248,248,8,128,0,0,1,sycl,2,643.79
248,248,8,128,0,0,1,sycl,3,647.60
248,248,8,128,1,0,1,vendor,1,469.20
248,248,8,128,1,0,1,vendor,2,466.79
248,248,8,128,1,0,1,vendor,3,468.44
248,248,8,128,1,0,1,sycl,1,651.15
248,248,8,128,1,0,1,sycl,2,654.95
248,248,8,128,1,0,1,sycl,3,649.41
248,248,8,128,0,1,0,vendor,1,481.77
248,248,8,128,0,1,0,vendor,2,480.76
248,248,8,128,0,1,0,vendor,3,481.16
248,248,8,128,0,1,0,sycl,1,669.24
248,248,8,128,0,1,0,sycl,2,675.44
248,248,8,128,0,1,0,sycl,3,673.13
248,248,8,128,1,1,0,vendor,1,468.18
248,248,8,128,1,1,0,vendor,2,469.32
248,248,8,128,1,1,0,vendor,3,466.16
248,248,8,128,1,1,0,sycl,1,659.57
248,248,8,128,1,1,0,sycl,2,658.84
248,248,8,128,1,1,0,sycl,3,660.29
312,312,8,128,0,0,0,vendor,1,494.39
312,312,8,128,0,0,0,vendor,2,493.19
312,312,8,128,0,0,0,vendor,3,494.27
312,312,8,128,0,0,0,sycl,1,599.34
312,312,8,128,0,0,0,sycl,2,594.45
312,312,8,128,0,0,0,sycl,3,598.12
312,312,8,128,1,0,0,vendor,1,478.28
312,312,8,128,1,0,0,vendor,2,480.16
312,312,8,128,1,0,0,vendor,3,480.09
312,312,8,128,1,0,0,sycl,1,594.59
312,312,8,128,1,0,0,sycl,2,597.96
312,312,8,128,1,0,0,sycl,3,598.03
312,312,8,128,0,0,1,vendor,1,493.03
312,312,8,128,0,0,1,vendor,2,494.28
312,312,8,128,0,0,1,vendor,3,492.92
312,312,8,128,0,0,1,sycl,1,596.86
312,312,8,128,0,0,1,sycl,2,595.77
312,312,8,128,0,0,1,sycl,3,597.62
312,312,8,128,1,0,1,vendor,1,482.61
312,312,8,128,1,0,1,vendor,2,484.80
312,312,8,128,1,0,1,vendor,3,489.40
312,312,8,128,1,0,1,sycl,1,595.63
312,312,8,128,1,0,1,sycl,2,597.19
312,312,8,128,1,0,1,sycl,3,596.47
312,312,8,128,0,1,0,vendor,1,496.29
312,312,8,128,0,1,0,vendor,2,498.28
312,312,8,128,0,1,0,vendor,3,499.10
312,312,8,128,0,1,0,sycl,1,607.95
312,312,8,128,0,1,0,sycl,2,606.48
312,312,8,128,0,1,0,sycl,3,604.74
312,312,8,128,1,1,0,vendor,1,482.90
312,312,8,128,1,1,0,vendor,2,485.86
312,312,8,128,1,1,0,vendor,3,484.66
312,312,8,128,1,1,0,sycl,1,604.49
312,312,8,128,1,1,0,sycl,2,604.51
312,312,8,128,1,1,0,sycl,3,608.54
