arm,type,m,n,batch,transA,route,median_ms,mean_ms,rel_sd,GBs,frac_of_950,relerr,ld,out_len,red_len,foreign
vendor,float,1,64,512,N,vendor:auto,0.00787,0.00792,0.0179,33.6,0.035,0.00e+00,1,1,64,0
native:direct,float,1,64,512,N,native:direct,0.00715,0.00716,0.0208,36.9,0.039,0.00e+00,1,1,64,0
vendor,double,1,64,512,N,vendor:auto,0.00791,0.00792,0.0166,66.8,0.070,0.00e+00,1,1,64,0
native:direct,double,1,64,512,N,native:direct,0.00644,0.00641,0.0203,82.1,0.086,0.00e+00,1,1,64,0
vendor,cfloat,1,64,512,N,vendor:auto,0.00779,0.00781,0.0137,67.9,0.071,0.00e+00,1,1,64,0
native:direct,cfloat,1,64,512,N,native:direct,0.00633,0.00634,0.0111,83.4,0.088,0.00e+00,1,1,64,0
vendor,cdouble,1,64,512,N,vendor:auto,0.00918,0.00918,0.0107,115.1,0.121,0.00e+00,1,1,64,0
native:direct,cdouble,1,64,512,N,native:direct,0.00775,0.00774,0.0200,136.4,0.144,0.00e+00,1,1,64,0
vendor,float,64,1,512,T,vendor:auto,0.00780,0.00787,0.0220,33.9,0.036,0.00e+00,64,1,64,0
native:direct,float,64,1,512,T,native:direct,0.00912,0.00911,0.0120,29.0,0.031,0.00e+00,64,1,64,0
native:cta,float,64,1,512,T,native:cta,0.00702,0.00696,0.0217,37.6,0.040,0.00e+00,64,1,64,0
vendor,double,64,1,512,T,vendor:auto,0.00839,0.00863,0.0659,63.0,0.066,0.00e+00,64,1,64,0
native:direct,double,64,1,512,T,native:direct,0.00937,0.00942,0.0213,56.4,0.059,0.00e+00,64,1,64,0
native:cta,double,64,1,512,T,native:cta,0.00612,0.00610,0.0219,86.3,0.091,0.00e+00,64,1,64,0
vendor,cfloat,64,1,512,T,vendor:auto,0.00798,0.00806,0.0351,66.2,0.070,0.00e+00,64,1,64,0
native:direct,cfloat,64,1,512,T,native:direct,0.01068,0.01069,0.0057,49.5,0.052,0.00e+00,64,1,64,0
native:cta,cfloat,64,1,512,T,native:cta,0.00606,0.00603,0.0181,87.2,0.092,0.00e+00,64,1,64,0
vendor,cdouble,64,1,512,T,vendor:auto,0.00929,0.00930,0.0142,113.7,0.120,0.00e+00,64,1,64,0
native:direct,cdouble,64,1,512,T,native:direct,0.01369,0.01394,0.0417,77.2,0.081,0.00e+00,64,1,64,0
native:cta,cdouble,64,1,512,T,native:cta,0.00661,0.00663,0.0183,159.9,0.168,0.00e+00,64,1,64,0
vendor,float,64,1,512,C,vendor:auto,0.00773,0.00814,0.1659,34.2,0.036,0.00e+00,64,1,64,0
native:direct,float,64,1,512,C,native:direct,0.00801,0.00802,0.0071,33.0,0.035,0.00e+00,64,1,64,0
native:cta,float,64,1,512,C,native:cta,0.00600,0.00604,0.0212,44.0,0.046,0.00e+00,64,1,64,0
vendor,double,64,1,512,C,vendor:auto,0.00823,0.00826,0.0160,64.2,0.068,0.00e+00,64,1,64,0
native:direct,double,64,1,512,C,native:direct,0.00923,0.00925,0.0106,57.2,0.060,0.00e+00,64,1,64,0
native:cta,double,64,1,512,C,native:cta,0.00615,0.00614,0.0107,85.9,0.090,0.00e+00,64,1,64,0
vendor,cfloat,64,1,512,C,vendor:auto,0.00788,0.00821,0.1004,67.1,0.071,0.00e+00,64,1,64,0
native:direct,cfloat,64,1,512,C,native:direct,0.01078,0.01080,0.0082,49.0,0.052,0.00e+00,64,1,64,0
native:cta,cfloat,64,1,512,C,native:cta,0.00610,0.00608,0.0122,86.6,0.091,0.00e+00,64,1,64,0
vendor,cdouble,64,1,512,C,vendor:auto,0.00928,0.00928,0.0106,113.9,0.120,0.00e+00,64,1,64,0
native:direct,cdouble,64,1,512,C,native:direct,0.01370,0.01371,0.0061,77.1,0.081,0.00e+00,64,1,64,0
native:cta,cdouble,64,1,512,C,native:cta,0.00657,0.00658,0.0152,160.9,0.169,0.00e+00,64,1,64,0
vendor,float,1,512,512,N,vendor:auto,0.00862,0.00866,0.0164,243.4,0.256,0.00e+00,1,1,512,0
native:direct,float,1,512,512,N,native:direct,0.00681,0.00681,0.0181,308.0,0.324,0.00e+00,1,1,512,0
vendor,double,1,512,512,N,vendor:auto,0.01109,0.01113,0.0150,378.6,0.399,0.00e+00,1,1,512,0
native:direct,double,1,512,512,N,native:direct,0.00717,0.00716,0.0152,585.5,0.616,0.00e+00,1,1,512,0
vendor,cfloat,1,512,512,N,vendor:auto,0.00899,0.00900,0.0095,466.7,0.491,0.00e+00,1,1,512,0
native:direct,cfloat,1,512,512,N,native:direct,0.00705,0.00703,0.0127,595.6,0.627,0.00e+00,1,1,512,0
vendor,cdouble,1,512,512,N,vendor:auto,0.02141,0.02147,0.0093,392.3,0.413,0.00e+00,1,1,512,0
native:direct,cdouble,1,512,512,N,native:direct,0.00840,0.00844,0.0209,999.5,1.052,0.00e+00,1,1,512,0
vendor,float,512,1,512,T,vendor:auto,0.00851,0.00860,0.0351,246.8,0.260,0.00e+00,512,1,512,0
native:direct,float,512,1,512,T,native:direct,0.02595,0.02590,0.0056,80.9,0.085,0.00e+00,512,1,512,0
native:cta,float,512,1,512,T,native:cta,0.00633,0.00635,0.0119,331.7,0.349,0.00e+00,512,1,512,0
vendor,double,512,1,512,T,vendor:auto,0.01147,0.01150,0.0098,365.9,0.385,0.00e+00,512,1,512,0
native:direct,double,512,1,512,T,native:direct,0.03548,0.03548,0.0032,118.3,0.125,0.00e+00,512,1,512,0
native:cta,double,512,1,512,T,native:cta,0.00709,0.00710,0.0120,592.2,0.623,0.00e+00,512,1,512,0
vendor,cfloat,512,1,512,T,vendor:auto,0.00872,0.00873,0.0190,481.3,0.507,0.00e+00,512,1,512,0
native:direct,cfloat,512,1,512,T,native:direct,0.04676,0.04676,0.0017,89.8,0.095,0.00e+00,512,1,512,0
native:cta,cfloat,512,1,512,T,native:cta,0.00680,0.00684,0.0126,617.2,0.650,0.00e+00,512,1,512,0
vendor,cdouble,512,1,512,T,vendor:auto,0.02146,0.02148,0.0142,391.2,0.412,0.00e+00,512,1,512,0
native:direct,cdouble,512,1,512,T,native:direct,0.06934,0.06936,0.0016,121.1,0.127,0.00e+00,512,1,512,0
native:cta,cdouble,512,1,512,T,native:cta,0.00857,0.00858,0.0142,980.1,1.032,0.00e+00,512,1,512,0
vendor,float,512,1,512,C,vendor:auto,0.00840,0.00843,0.0103,249.9,0.263,0.00e+00,512,1,512,0
native:direct,float,512,1,512,C,native:direct,0.02588,0.02590,0.0018,81.1,0.085,0.00e+00,512,1,512,0
native:cta,float,512,1,512,C,native:cta,0.00622,0.00624,0.0135,337.8,0.356,0.00e+00,512,1,512,0
vendor,double,512,1,512,C,vendor:auto,0.01132,0.01140,0.0247,370.9,0.390,0.00e+00,512,1,512,0
native:direct,double,512,1,512,C,native:direct,0.03562,0.03562,0.0026,117.9,0.124,0.00e+00,512,1,512,0
native:cta,double,512,1,512,C,native:cta,0.00713,0.00706,0.0292,588.7,0.620,0.00e+00,512,1,512,0
vendor,cfloat,512,1,512,C,vendor:auto,0.00886,0.00890,0.0105,473.8,0.499,0.00e+00,512,1,512,0
native:direct,cfloat,512,1,512,C,native:direct,0.04689,0.04731,0.0270,89.5,0.094,0.00e+00,512,1,512,0
native:cta,cfloat,512,1,512,C,native:cta,0.00680,0.00687,0.0197,617.5,0.650,0.00e+00,512,1,512,0
vendor,cdouble,512,1,512,C,vendor:auto,0.01589,0.01591,0.0137,528.4,0.556,0.00e+00,512,1,512,0
native:direct,cdouble,512,1,512,C,native:direct,0.06915,0.06925,0.0022,121.4,0.128,0.00e+00,512,1,512,0
native:cta,cdouble,512,1,512,C,native:cta,0.00855,0.00855,0.0103,982.0,1.034,0.00e+00,512,1,512,0
vendor,float,1,2048,512,N,vendor:auto,0.01231,0.01235,0.0128,681.8,0.718,0.00e+00,1,1,2048,0
native:direct,float,1,2048,512,N,native:direct,0.00811,0.00815,0.0151,1035.1,1.090,0.00e+00,1,1,2048,0
vendor,double,1,2048,512,N,vendor:auto,0.02133,0.02142,0.0146,786.7,0.828,0.00e+00,1,1,2048,0
native:direct,double,1,2048,512,N,native:direct,0.01006,0.01004,0.0074,1667.8,1.756,0.00e+00,1,1,2048,0
vendor,cfloat,1,2048,512,N,vendor:auto,0.01391,0.01395,0.0082,1206.4,1.270,0.00e+00,1,1,2048,0
native:direct,cfloat,1,2048,512,N,native:direct,0.00964,0.01039,0.1762,1740.4,1.832,0.00e+00,1,1,2048,0
vendor,cdouble,1,2048,512,N,vendor:auto,0.05959,0.05951,0.0055,563.2,0.593,0.00e+00,1,1,2048,0
native:direct,cdouble,1,2048,512,N,native:direct,0.01453,0.01463,0.0215,2309.2,2.431,0.00e+00,1,1,2048,0
vendor,float,2048,1,512,T,vendor:auto,0.01236,0.01281,0.1097,678.6,0.714,0.00e+00,2048,1,2048,0
native:direct,float,2048,1,512,T,native:direct,0.08694,0.08698,0.0018,96.5,0.102,0.00e+00,2048,1,2048,0
native:cta,float,2048,1,512,T,native:cta,0.00819,0.00821,0.0085,1024.0,1.078,0.00e+00,2048,1,2048,0
vendor,double,2048,1,512,T,vendor:auto,0.02177,0.02173,0.0051,770.7,0.811,0.00e+00,2048,1,2048,0
native:direct,double,2048,1,512,T,native:direct,0.12571,0.12570,0.0008,133.5,0.141,0.00e+00,2048,1,2048,0
native:cta,double,2048,1,512,T,native:cta,0.00996,0.00998,0.0070,1685.7,1.774,0.00e+00,2048,1,2048,0
vendor,cfloat,2048,1,512,T,vendor:auto,0.01388,0.01395,0.0299,1208.9,1.273,0.00e+00,2048,1,2048,0
native:direct,cfloat,2048,1,512,T,native:direct,0.17077,0.17087,0.0022,98.3,0.103,0.00e+00,2048,1,2048,0
native:cta,cfloat,2048,1,512,T,native:cta,0.00971,0.00967,0.0097,1727.5,1.818,0.00e+00,2048,1,2048,0
vendor,cdouble,2048,1,512,T,vendor:auto,0.05946,0.05942,0.0071,564.5,0.594,0.00e+00,2048,1,2048,0
native:direct,cdouble,2048,1,512,T,native:direct,0.26038,0.26039,0.0003,128.9,0.136,0.00e+00,2048,1,2048,0
native:cta,cdouble,2048,1,512,T,native:cta,0.01563,0.01564,0.0059,2146.8,2.260,0.00e+00,2048,1,2048,0
vendor,float,2048,1,512,C,vendor:auto,0.01232,0.01234,0.0111,680.9,0.717,0.00e+00,2048,1,2048,0
native:direct,float,2048,1,512,C,native:direct,0.08701,0.08700,0.0010,96.4,0.102,0.00e+00,2048,1,2048,0
native:cta,float,2048,1,512,C,native:cta,0.00813,0.00815,0.0082,1032.4,1.087,0.00e+00,2048,1,2048,0
vendor,double,2048,1,512,C,vendor:auto,0.02157,0.02166,0.0113,778.0,0.819,0.00e+00,2048,1,2048,0
native:direct,double,2048,1,512,C,native:direct,0.12605,0.12603,0.0005,133.1,0.140,0.00e+00,2048,1,2048,0
native:cta,double,2048,1,512,C,native:cta,0.00999,0.00999,0.0088,1679.8,1.768,0.00e+00,2048,1,2048,0
vendor,cfloat,2048,1,512,C,vendor:auto,0.01342,0.01346,0.0077,1250.7,1.317,0.00e+00,2048,1,2048,0
native:direct,cfloat,2048,1,512,C,native:direct,0.17085,0.17088,0.0008,98.2,0.103,0.00e+00,2048,1,2048,0
native:cta,cfloat,2048,1,512,C,native:cta,0.00965,0.00965,0.0084,1739.5,1.831,0.00e+00,2048,1,2048,0
vendor,cdouble,2048,1,512,C,vendor:auto,0.03913,0.03927,0.0117,857.7,0.903,0.00e+00,2048,1,2048,0
native:direct,cdouble,2048,1,512,C,native:direct,0.26059,0.26059,0.0009,128.8,0.136,0.00e+00,2048,1,2048,0
native:cta,cdouble,2048,1,512,C,native:cta,0.01581,0.01575,0.0081,2122.7,2.234,0.00e+00,2048,1,2048,0
vendor,float,4,1024,512,N,vendor:auto,0.01043,0.01042,0.0151,1006.4,1.059,0.00e+00,4,4,1024,0
native:direct,float,4,1024,512,N,native:direct,0.01014,0.01015,0.0131,1035.3,1.090,0.00e+00,4,4,1024,0
vendor,double,4,1024,512,N,vendor:auto,0.01534,0.01550,0.0266,1368.5,1.441,0.00e+00,4,4,1024,0
native:direct,double,4,1024,512,N,native:direct,0.01257,0.01268,0.0262,1669.4,1.757,0.00e+00,4,4,1024,0
vendor,cfloat,4,1024,512,N,vendor:auto,0.01242,0.01241,0.0090,1689.7,1.779,0.00e+00,4,4,1024,0
native:direct,cfloat,4,1024,512,N,native:direct,0.01161,0.01161,0.0067,1807.9,1.903,0.00e+00,4,4,1024,0
vendor,cdouble,4,1024,512,N,vendor:auto,0.04922,0.07164,0.7085,852.7,0.898,0.00e+00,4,4,1024,0
native:direct,cdouble,4,1024,512,N,native:direct,0.02011,0.02014,0.0066,2087.8,2.198,0.00e+00,4,4,1024,0
vendor,float,1024,4,512,T,vendor:auto,0.00957,0.00960,0.0143,1096.3,1.154,0.00e+00,1024,4,1024,0
native:direct,float,1024,4,512,T,native:direct,0.03713,0.03714,0.0026,282.6,0.298,0.00e+00,1024,4,1024,0
native:cta,float,1024,4,512,T,native:cta,0.00811,0.00812,0.0099,1293.3,1.361,0.00e+00,1024,4,1024,0
vendor,double,1024,4,512,T,vendor:auto,0.01279,0.01274,0.0123,1640.8,1.727,0.00e+00,1024,4,1024,0
native:direct,double,1024,4,512,T,native:direct,0.05653,0.05654,0.0014,371.3,0.391,0.00e+00,1024,4,1024,0
native:cta,double,1024,4,512,T,native:cta,0.01124,0.01122,0.0074,1867.1,1.965,0.00e+00,1024,4,1024,0
vendor,cfloat,1024,4,512,T,vendor:auto,0.01172,0.01173,0.0162,1791.4,1.886,0.00e+00,1024,4,1024,0
native:direct,cfloat,1024,4,512,T,native:direct,0.07026,0.07029,0.0023,298.7,0.314,0.00e+00,1024,4,1024,0
native:cta,cfloat,1024,4,512,T,native:cta,0.01011,0.01011,0.0163,2075.7,2.185,0.00e+00,1024,4,1024,0
vendor,cdouble,1024,4,512,T,vendor:auto,0.02252,0.02255,0.0054,1864.2,1.962,0.00e+00,1024,4,1024,0
native:direct,cdouble,1024,4,512,T,native:direct,0.12147,0.12146,0.0004,345.6,0.364,0.00e+00,1024,4,1024,0
native:cta,cdouble,1024,4,512,T,native:cta,0.02434,0.02436,0.0035,1724.8,1.816,0.00e+00,1024,4,1024,0
vendor,float,1024,4,512,C,vendor:auto,0.00925,0.00931,0.0233,1134.4,1.194,0.00e+00,1024,4,1024,0
native:direct,float,1024,4,512,C,native:direct,0.03710,0.03712,0.0021,282.9,0.298,0.00e+00,1024,4,1024,0
native:cta,float,1024,4,512,C,native:cta,0.00811,0.00812,0.0089,1294.6,1.363,0.00e+00,1024,4,1024,0
vendor,double,1024,4,512,C,vendor:auto,0.01282,0.01292,0.0172,1637.6,1.724,0.00e+00,1024,4,1024,0
native:direct,double,1024,4,512,C,native:direct,0.05673,0.05672,0.0013,370.0,0.389,0.00e+00,1024,4,1024,0
native:cta,double,1024,4,512,C,native:cta,0.01126,0.01126,0.0072,1863.8,1.962,0.00e+00,1024,4,1024,0
vendor,cfloat,1024,4,512,C,vendor:auto,0.02546,0.02562,0.0200,824.4,0.868,0.00e+00,1024,4,1024,0
native:direct,cfloat,1024,4,512,C,native:direct,0.07028,0.07026,0.0010,298.6,0.314,0.00e+00,1024,4,1024,0
native:cta,cfloat,1024,4,512,C,native:cta,0.01013,0.01014,0.0041,2071.0,2.180,0.00e+00,1024,4,1024,0
vendor,cdouble,1024,4,512,C,vendor:auto,0.02244,0.02248,0.0083,1870.6,1.969,0.00e+00,1024,4,1024,0
native:direct,cdouble,1024,4,512,C,native:direct,0.12158,0.12158,0.0009,345.3,0.363,0.00e+00,1024,4,1024,0
native:cta,cdouble,1024,4,512,C,native:cta,0.02437,0.02435,0.0041,1722.6,1.813,0.00e+00,1024,4,1024,0
vendor,float,16,512,512,N,vendor:auto,0.01125,0.01132,0.0177,1587.0,1.671,0.00e+00,16,16,512,0
native:direct,float,16,512,512,N,native:direct,0.01423,0.01423,0.0050,1254.6,1.321,0.00e+00,16,16,512,0
vendor,double,16,512,512,N,vendor:auto,0.01685,0.01690,0.0190,2119.5,2.231,0.00e+00,16,16,512,0
native:direct,double,16,512,512,N,native:direct,0.01906,0.01911,0.0059,1874.1,1.973,0.00e+00,16,16,512,0
vendor,cfloat,16,512,512,N,vendor:auto,0.01472,0.01464,0.0108,2426.6,2.554,0.00e+00,16,16,512,0
native:direct,cfloat,16,512,512,N,native:direct,0.01603,0.01605,0.0051,2228.7,2.346,0.00e+00,16,16,512,0
vendor,cdouble,16,512,512,N,vendor:auto,0.03438,0.03437,0.0040,2078.0,2.187,0.00e+00,16,16,512,0
native:direct,cdouble,16,512,512,N,native:direct,0.04923,0.04902,0.0081,1451.0,1.527,0.00e+00,16,16,512,0
vendor,float,512,16,512,T,vendor:auto,0.01103,0.01141,0.1185,1619.5,1.705,0.00e+00,512,16,512,0
native:direct,float,512,16,512,T,native:direct,0.02121,0.02122,0.0044,842.2,0.887,0.00e+00,512,16,512,0
native:cta,float,512,16,512,T,native:cta,0.00998,0.01001,0.0145,1789.4,1.884,0.00e+00,512,16,512,0
vendor,double,512,16,512,T,vendor:auto,0.01731,0.01744,0.0148,2063.0,2.172,0.00e+00,512,16,512,0
native:direct,double,512,16,512,T,native:direct,0.03104,0.03103,0.0032,1150.6,1.211,0.00e+00,512,16,512,0
native:cta,double,512,16,512,T,native:cta,0.01805,0.01808,0.0062,1979.1,2.083,0.00e+00,512,16,512,0
vendor,cfloat,512,16,512,T,vendor:auto,0.01427,0.01430,0.0101,2503.0,2.635,0.00e+00,512,16,512,0
native:direct,cfloat,512,16,512,T,native:direct,0.04341,0.04319,0.0965,822.8,0.866,0.00e+00,512,16,512,0
native:cta,cfloat,512,16,512,T,native:cta,0.01339,0.01339,0.0098,2667.0,2.807,0.00e+00,512,16,512,0
vendor,cdouble,512,16,512,T,vendor:auto,0.03470,0.03470,0.0036,2058.7,2.167,0.00e+00,512,16,512,0
native:direct,cdouble,512,16,512,T,native:direct,0.06514,0.06515,0.0015,1096.6,1.154,0.00e+00,512,16,512,0
native:cta,cdouble,512,16,512,T,native:cta,0.04666,0.04678,0.0091,1531.1,1.612,0.00e+00,512,16,512,0
vendor,float,512,16,512,C,vendor:auto,0.01104,0.01120,0.0556,1617.3,1.702,0.00e+00,512,16,512,0
native:direct,float,512,16,512,C,native:direct,0.02118,0.02149,0.0494,843.2,0.888,0.00e+00,512,16,512,0
native:cta,float,512,16,512,C,native:cta,0.00979,0.00982,0.0164,1823.2,1.919,0.00e+00,512,16,512,0
vendor,double,512,16,512,C,vendor:auto,0.01711,0.01718,0.0158,2087.7,2.198,0.00e+00,512,16,512,0
native:direct,double,512,16,512,C,native:direct,0.03096,0.03095,0.0020,1153.7,1.214,0.00e+00,512,16,512,0
native:cta,double,512,16,512,C,native:cta,0.01817,0.01821,0.0096,1965.3,2.069,0.00e+00,512,16,512,0
vendor,cfloat,512,16,512,C,vendor:auto,0.01429,0.01486,0.1236,2498.7,2.630,0.00e+00,512,16,512,0
native:direct,cfloat,512,16,512,C,native:direct,0.04706,0.04392,0.0879,759.0,0.799,0.00e+00,512,16,512,0
native:cta,cfloat,512,16,512,C,native:cta,0.01347,0.01365,0.0455,2651.6,2.791,0.00e+00,512,16,512,0
vendor,cdouble,512,16,512,C,vendor:auto,0.03449,0.03469,0.0186,2071.0,2.180,0.00e+00,512,16,512,0
native:direct,cdouble,512,16,512,C,native:direct,0.06723,0.06728,0.0021,1062.5,1.118,0.00e+00,512,16,512,0
native:cta,cdouble,512,16,512,C,native:cta,0.04671,0.04724,0.0369,1529.5,1.610,0.00e+00,512,16,512,0
vendor,float,16,2048,512,N,vendor:auto,0.02363,0.02359,0.0083,3019.3,3.178,0.00e+00,16,16,2048,0
native:direct,float,16,2048,512,N,native:direct,0.03872,0.03873,0.0016,1842.4,1.939,0.00e+00,16,16,2048,0
vendor,double,16,2048,512,N,vendor:auto,0.15796,0.15791,0.0015,903.2,0.951,0.00e+00,16,16,2048,0
native:direct,double,16,2048,512,N,native:direct,0.16209,0.16219,0.0022,880.2,0.927,0.00e+00,16,16,2048,0
vendor,cfloat,16,2048,512,N,vendor:auto,0.14834,0.14862,0.0050,961.8,1.012,0.00e+00,16,16,2048,0
native:direct,cfloat,16,2048,512,N,native:direct,0.16030,0.16049,0.0046,890.0,0.937,0.00e+00,16,16,2048,0
vendor,cdouble,16,2048,512,N,vendor:auto,0.31621,0.31645,0.0042,902.4,0.950,0.00e+00,16,16,2048,0
native:direct,cdouble,16,2048,512,N,native:direct,0.31497,0.31536,0.0031,905.9,0.954,0.00e+00,16,16,2048,0
vendor,float,2048,16,512,T,vendor:auto,0.02126,0.02128,0.0070,3355.6,3.532,0.00e+00,2048,16,2048,0
native:direct,float,2048,16,512,T,native:direct,0.07016,0.07017,0.0046,1016.7,1.070,0.00e+00,2048,16,2048,0
native:cta,float,2048,16,512,T,native:cta,0.02458,0.02461,0.0086,2901.8,3.055,0.00e+00,2048,16,2048,0
vendor,double,2048,16,512,T,vendor:auto,0.15019,0.15016,0.0032,950.0,1.000,0.00e+00,2048,16,2048,0
native:direct,double,2048,16,512,T,native:direct,0.71599,0.71642,0.0028,199.3,0.210,0.00e+00,2048,16,2048,0
native:cta,double,2048,16,512,T,native:cta,0.16107,0.16109,0.0015,885.8,0.932,0.00e+00,2048,16,2048,0
vendor,cfloat,2048,16,512,T,vendor:auto,0.15698,0.15702,0.0009,908.8,0.957,0.00e+00,2048,16,2048,0
native:direct,cfloat,2048,16,512,T,native:direct,0.73020,0.73224,0.0063,195.4,0.206,0.00e+00,2048,16,2048,0
native:cta,cfloat,2048,16,512,T,native:cta,0.15681,0.15691,0.0017,909.8,0.958,0.00e+00,2048,16,2048,0
vendor,cdouble,2048,16,512,T,vendor:auto,0.30986,0.31003,0.0024,920.9,0.969,0.00e+00,2048,16,2048,0
native:direct,cdouble,2048,16,512,T,native:direct,1.35434,1.35644,0.0064,210.7,0.222,0.00e+00,2048,16,2048,0
native:cta,cdouble,2048,16,512,T,native:cta,0.33941,0.33914,0.0069,840.7,0.885,0.00e+00,2048,16,2048,0
vendor,float,2048,16,512,C,vendor:auto,0.02175,0.02173,0.0063,3280.3,3.453,0.00e+00,2048,16,2048,0
native:direct,float,2048,16,512,C,native:direct,0.07072,0.07069,0.0036,1008.8,1.062,0.00e+00,2048,16,2048,0
native:cta,float,2048,16,512,C,native:cta,0.02367,0.02369,0.0049,3013.8,3.172,0.00e+00,2048,16,2048,0
vendor,double,2048,16,512,C,vendor:auto,0.15033,0.15021,0.0018,949.1,0.999,0.00e+00,2048,16,2048,0
native:direct,double,2048,16,512,C,native:direct,0.72817,0.72832,0.0032,195.9,0.206,0.00e+00,2048,16,2048,0
native:cta,double,2048,16,512,C,native:cta,0.15884,0.15888,0.0020,898.2,0.945,0.00e+00,2048,16,2048,0
vendor,cfloat,2048,16,512,C,vendor:auto,0.15696,0.15709,0.0025,909.0,0.957,0.00e+00,2048,16,2048,0
native:direct,cfloat,2048,16,512,C,native:direct,0.73443,0.73500,0.0040,194.3,0.204,0.00e+00,2048,16,2048,0
native:cta,cfloat,2048,16,512,C,native:cta,0.15690,0.15722,0.0039,909.3,0.957,0.00e+00,2048,16,2048,0
vendor,cdouble,2048,16,512,C,vendor:auto,0.30928,0.30927,0.0014,922.6,0.971,0.00e+00,2048,16,2048,0
native:direct,cdouble,2048,16,512,C,native:direct,1.35339,1.35525,0.0055,210.8,0.222,0.00e+00,2048,16,2048,0
native:cta,cdouble,2048,16,512,C,native:cta,0.33377,0.33442,0.0070,854.9,0.900,0.00e+00,2048,16,2048,0
vendor,float,64,64,512,N,vendor:auto,0.00911,0.00910,0.0108,949.8,1.000,0.00e+00,64,64,64,0
native:direct,float,64,64,512,N,native:direct,0.00743,0.00745,0.0141,1164.0,1.225,0.00e+00,64,64,64,0
vendor,double,64,64,512,N,vendor:auto,0.01233,0.01233,0.0096,1403.4,1.477,0.00e+00,64,64,64,0
native:direct,double,64,64,512,N,native:direct,0.00998,0.00999,0.0102,1734.3,1.826,0.00e+00,64,64,64,0
vendor,cfloat,64,64,512,N,vendor:auto,0.01075,0.01085,0.0165,1609.7,1.694,0.00e+00,64,64,64,0
native:direct,cfloat,64,64,512,N,native:direct,0.00939,0.00942,0.0121,1843.1,1.940,0.00e+00,64,64,64,0
vendor,cdouble,64,64,512,N,vendor:auto,0.02438,0.02445,0.0122,1419.5,1.494,0.00e+00,64,64,64,0
native:direct,cdouble,64,64,512,N,native:direct,0.01823,0.01822,0.0030,1898.7,1.999,0.00e+00,64,64,64,0
vendor,float,64,64,512,T,vendor:auto,0.01060,0.01057,0.0110,815.7,0.859,0.00e+00,64,64,64,0
native:direct,float,64,64,512,T,native:direct,0.01192,0.01192,0.0069,725.8,0.764,0.00e+00,64,64,64,0
native:cta,float,64,64,512,T,native:cta,0.01010,0.01009,0.0083,856.8,0.902,0.00e+00,64,64,64,0
vendor,double,64,64,512,T,vendor:auto,0.01342,0.01343,0.0126,1288.8,1.357,0.00e+00,64,64,64,0
native:direct,double,64,64,512,T,native:direct,0.01241,0.01242,0.0037,1394.0,1.467,0.00e+00,64,64,64,0
native:cta,double,64,64,512,T,native:cta,0.02152,0.02152,0.0051,804.0,0.846,0.00e+00,64,64,64,0
vendor,cfloat,64,64,512,T,vendor:auto,0.01150,0.01158,0.0172,1504.9,1.584,0.00e+00,64,64,64,0
native:direct,cfloat,64,64,512,T,native:direct,0.01795,0.01793,0.0047,964.1,1.015,0.00e+00,64,64,64,0
native:cta,cfloat,64,64,512,T,native:cta,0.01130,0.01134,0.0143,1531.6,1.612,0.00e+00,64,64,64,0
vendor,cdouble,64,64,512,T,vendor:auto,0.02437,0.02447,0.0185,1420.0,1.495,0.00e+00,64,64,64,0
native:direct,cdouble,64,64,512,T,native:direct,0.02286,0.02285,0.0030,1513.5,1.593,0.00e+00,64,64,64,0
native:cta,cdouble,64,64,512,T,native:cta,0.05414,0.05453,0.0214,639.1,0.673,0.00e+00,64,64,64,0
vendor,float,64,64,512,C,vendor:auto,0.01053,0.01057,0.0150,821.2,0.864,0.00e+00,64,64,64,0
native:direct,float,64,64,512,C,native:direct,0.01195,0.01194,0.0058,724.2,0.762,0.00e+00,64,64,64,0
native:cta,float,64,64,512,C,native:cta,0.01006,0.01005,0.0076,860.0,0.905,0.00e+00,64,64,64,0
vendor,double,64,64,512,C,vendor:auto,0.01350,0.01344,0.0141,1281.4,1.349,0.00e+00,64,64,64,0
native:direct,double,64,64,512,C,native:direct,0.01235,0.01237,0.0045,1400.5,1.474,0.00e+00,64,64,64,0
native:cta,double,64,64,512,C,native:cta,0.02152,0.02155,0.0073,803.9,0.846,0.00e+00,64,64,64,0
vendor,cfloat,64,64,512,C,vendor:auto,0.01200,0.01203,0.0156,1442.2,1.518,0.00e+00,64,64,64,0
native:direct,cfloat,64,64,512,C,native:direct,0.01786,0.01783,0.0043,968.9,1.020,0.00e+00,64,64,64,0
native:cta,cfloat,64,64,512,C,native:cta,0.01126,0.01122,0.0141,1536.8,1.618,0.00e+00,64,64,64,0
vendor,cdouble,64,64,512,C,vendor:auto,0.02557,0.02568,0.0389,1353.3,1.424,0.00e+00,64,64,64,0
native:direct,cdouble,64,64,512,C,native:direct,0.02278,0.02280,0.0047,1518.9,1.599,0.00e+00,64,64,64,0
native:cta,cdouble,64,64,512,C,native:cta,0.05386,0.05387,0.0024,642.4,0.676,0.00e+00,64,64,64,0
vendor,float,64,512,512,N,vendor:auto,0.02093,0.02094,0.0099,3263.2,3.435,0.00e+00,64,64,512,0
native:direct,float,64,512,512,N,native:direct,0.02012,0.02011,0.0039,3394.6,3.573,0.00e+00,64,64,512,0
vendor,double,64,512,512,N,vendor:auto,0.15249,0.15256,0.0019,895.6,0.943,0.00e+00,64,64,512,0
native:direct,double,64,512,512,N,native:direct,0.15069,0.15071,0.0020,906.3,0.954,0.00e+00,64,64,512,0
vendor,cfloat,64,512,512,N,vendor:auto,0.14920,0.14933,0.0016,915.4,0.964,0.00e+00,64,64,512,0
native:direct,cfloat,64,512,512,N,native:direct,0.15018,0.15036,0.0023,909.4,0.957,0.00e+00,64,64,512,0
vendor,cdouble,64,512,512,N,vendor:auto,0.30585,0.30585,0.0023,893.1,0.940,0.00e+00,64,64,512,0
native:direct,cdouble,64,512,512,N,native:direct,0.29707,0.29711,0.0021,919.5,0.968,0.00e+00,64,64,512,0
vendor,float,512,64,512,T,vendor:auto,0.02159,0.02156,0.0049,3162.4,3.329,0.00e+00,512,64,512,0
native:direct,float,512,64,512,T,native:direct,0.05468,0.05470,0.0015,1249.0,1.315,0.00e+00,512,64,512,0
native:cta,float,512,64,512,T,native:cta,0.02042,0.02046,0.0062,3343.9,3.520,0.00e+00,512,64,512,0
vendor,double,512,64,512,T,vendor:auto,0.15063,0.15065,0.0022,906.7,0.954,0.00e+00,512,64,512,0
native:direct,double,512,64,512,T,native:direct,0.57694,0.57667,0.0031,236.7,0.249,0.00e+00,512,64,512,0
native:cta,double,512,64,512,T,native:cta,0.15214,0.15208,0.0025,897.7,0.945,0.00e+00,512,64,512,0
vendor,cfloat,512,64,512,T,vendor:auto,0.15344,0.15331,0.0089,890.1,0.937,0.00e+00,512,64,512,0
native:direct,cfloat,512,64,512,T,native:direct,0.56636,0.56623,0.0018,241.2,0.254,0.00e+00,512,64,512,0
native:cta,cfloat,512,64,512,T,native:cta,0.15077,0.15080,0.0009,905.9,0.954,0.00e+00,512,64,512,0
vendor,cdouble,512,64,512,T,vendor:auto,0.30981,0.30993,0.0067,881.7,0.928,0.00e+00,512,64,512,0
native:direct,cdouble,512,64,512,T,native:direct,1.14305,1.14320,0.0022,239.0,0.252,0.00e+00,512,64,512,0
native:cta,cdouble,512,64,512,T,native:cta,0.30142,0.30159,0.0040,906.2,0.954,0.00e+00,512,64,512,0
vendor,float,512,64,512,C,vendor:auto,0.02160,0.02159,0.0058,3161.7,3.328,0.00e+00,512,64,512,0
native:direct,float,512,64,512,C,native:direct,0.05454,0.05453,0.0021,1252.1,1.318,0.00e+00,512,64,512,0
native:cta,float,512,64,512,C,native:cta,0.02051,0.02050,0.0068,3330.0,3.505,0.00e+00,512,64,512,0
vendor,double,512,64,512,C,vendor:auto,0.15056,0.15056,0.0007,907.1,0.955,0.00e+00,512,64,512,0
native:direct,double,512,64,512,C,native:direct,0.56995,0.57064,0.0022,239.6,0.252,0.00e+00,512,64,512,0
native:cta,double,512,64,512,C,native:cta,0.15192,0.15195,0.0021,899.0,0.946,0.00e+00,512,64,512,0
vendor,cfloat,512,64,512,C,vendor:auto,0.15166,0.15164,0.0022,900.6,0.948,0.00e+00,512,64,512,0
native:direct,cfloat,512,64,512,C,native:direct,0.57262,0.57260,0.0031,238.5,0.251,0.00e+00,512,64,512,0
native:cta,cfloat,512,64,512,C,native:cta,0.15060,0.15069,0.0013,906.9,0.955,0.00e+00,512,64,512,0
vendor,cdouble,512,64,512,C,vendor:auto,0.32532,0.32532,0.0112,839.7,0.884,0.00e+00,512,64,512,0
native:direct,cdouble,512,64,512,C,native:direct,1.15912,1.15784,0.0034,235.7,0.248,0.00e+00,512,64,512,0
native:cta,cdouble,512,64,512,C,native:cta,0.30234,0.30226,0.0044,903.5,0.951,0.00e+00,512,64,512,0
vendor,float,64,2048,512,N,vendor:auto,0.29347,0.29365,0.0024,929.4,0.978,0.00e+00,64,64,2048,0
native:direct,float,64,2048,512,N,native:direct,0.29232,0.29253,0.0014,933.1,0.982,0.00e+00,64,64,2048,0
vendor,double,64,2048,512,N,vendor:auto,0.57989,0.58018,0.0014,940.7,0.990,0.00e+00,64,64,2048,0
native:direct,double,64,2048,512,N,native:direct,0.57982,0.58008,0.0011,940.8,0.990,0.00e+00,64,64,2048,0
vendor,cfloat,64,2048,512,N,vendor:auto,0.57144,0.57157,0.0009,954.7,1.005,0.00e+00,64,64,2048,0
native:direct,cfloat,64,2048,512,N,native:direct,0.57996,0.58033,0.0019,940.6,0.990,0.00e+00,64,64,2048,0
vendor,cdouble,64,2048,512,N,vendor:auto,1.24316,1.24519,0.0045,877.6,0.924,0.00e+00,64,64,2048,0
native:direct,cdouble,64,2048,512,N,native:direct,1.15630,1.15630,0.0011,943.6,0.993,0.00e+00,64,64,2048,0
vendor,float,2048,64,512,T,vendor:auto,0.29352,0.29376,0.0020,929.3,0.978,0.00e+00,2048,64,2048,0
native:direct,float,2048,64,512,T,native:direct,1.14334,1.14318,0.0011,238.6,0.251,0.00e+00,2048,64,2048,0
native:cta,float,2048,64,512,T,native:cta,0.29233,0.29231,0.0006,933.1,0.982,0.00e+00,2048,64,2048,0
vendor,double,2048,64,512,T,vendor:auto,0.57060,0.57265,0.0077,956.0,1.006,0.00e+00,2048,64,2048,0
native:direct,double,2048,64,512,T,native:direct,2.29469,2.29532,0.0020,237.7,0.250,0.00e+00,2048,64,2048,0
native:cta,double,2048,64,512,T,native:cta,0.57889,0.57913,0.0017,942.4,0.992,0.00e+00,2048,64,2048,0
vendor,cfloat,2048,64,512,T,vendor:auto,0.57907,0.57914,0.0006,942.1,0.992,0.00e+00,2048,64,2048,0
native:direct,cfloat,2048,64,512,T,native:direct,2.28747,2.28762,0.0022,238.5,0.251,0.00e+00,2048,64,2048,0
native:cta,cfloat,2048,64,512,T,native:cta,0.57818,0.57823,0.0005,943.5,0.993,0.00e+00,2048,64,2048,0
vendor,cdouble,2048,64,512,T,vendor:auto,1.23824,1.23927,0.0051,881.1,0.927,0.00e+00,2048,64,2048,0
native:direct,cdouble,2048,64,512,T,native:direct,4.61459,4.61321,0.0020,236.4,0.249,0.00e+00,2048,64,2048,0
native:cta,cdouble,2048,64,512,T,native:cta,1.16921,1.16945,0.0032,933.1,0.982,0.00e+00,2048,64,2048,0
vendor,float,2048,64,512,C,vendor:auto,0.29346,0.29347,0.0010,929.5,0.978,0.00e+00,2048,64,2048,0
native:direct,float,2048,64,512,C,native:direct,1.14786,1.14813,0.0035,237.6,0.250,0.00e+00,2048,64,2048,0
native:cta,float,2048,64,512,C,native:cta,0.29221,0.29227,0.0009,933.4,0.983,0.00e+00,2048,64,2048,0
vendor,double,2048,64,512,C,vendor:auto,0.57010,0.57010,0.0004,956.9,1.007,0.00e+00,2048,64,2048,0
native:direct,double,2048,64,512,C,native:direct,2.28824,2.28954,0.0019,238.4,0.251,0.00e+00,2048,64,2048,0
native:cta,double,2048,64,512,C,native:cta,0.57828,0.57840,0.0009,943.4,0.993,0.00e+00,2048,64,2048,0
vendor,cfloat,2048,64,512,C,vendor:auto,0.57868,0.57894,0.0008,942.7,0.992,0.00e+00,2048,64,2048,0
native:direct,cfloat,2048,64,512,C,native:direct,2.35840,2.36001,0.0021,231.3,0.243,0.00e+00,2048,64,2048,0
native:cta,cfloat,2048,64,512,C,native:cta,0.57852,0.57851,0.0007,943.0,0.993,0.00e+00,2048,64,2048,0
vendor,cdouble,2048,64,512,C,vendor:auto,1.32413,1.32323,0.0047,824.0,0.867,0.00e+00,2048,64,2048,0
native:direct,cdouble,2048,64,512,C,native:direct,4.58692,4.58887,0.0020,237.9,0.250,0.00e+00,2048,64,2048,0
native:cta,cdouble,2048,64,512,C,native:cta,1.17078,1.17068,0.0050,931.9,0.981,0.00e+00,2048,64,2048,0
vendor,float,128,128,512,N,vendor:auto,0.01465,0.01467,0.0072,2325.9,2.448,0.00e+00,128,128,128,0
native:direct,float,128,128,512,N,native:direct,0.01243,0.01246,0.0071,2741.4,2.886,0.00e+00,128,128,128,0
vendor,double,128,128,512,N,vendor:auto,0.02480,0.02486,0.0080,2748.8,2.894,0.00e+00,128,128,128,0
native:direct,double,128,128,512,N,native:direct,0.01953,0.01953,0.0047,3489.3,3.673,0.00e+00,128,128,128,0
vendor,cfloat,128,128,512,N,vendor:auto,0.02068,0.02066,0.0070,3295.3,3.469,0.00e+00,128,128,128,0
native:direct,cfloat,128,128,512,N,native:direct,0.01898,0.01910,0.0178,3591.4,3.780,0.00e+00,128,128,128,0
vendor,cdouble,128,128,512,N,vendor:auto,0.17250,0.17252,0.0019,790.2,0.832,0.00e+00,128,128,128,0
native:direct,cdouble,128,128,512,N,native:direct,0.15119,0.15117,0.0017,901.6,0.949,0.00e+00,128,128,128,0
vendor,float,128,128,512,T,vendor:auto,0.01523,0.01524,0.0072,2238.3,2.356,0.00e+00,128,128,128,0
native:direct,float,128,128,512,T,native:direct,0.03030,0.03030,0.0016,1124.7,1.184,0.00e+00,128,128,128,0
native:cta,float,128,128,512,T,native:cta,0.01614,0.01615,0.0062,2111.6,2.223,0.00e+00,128,128,128,0
vendor,double,128,128,512,T,vendor:auto,0.02987,0.02994,0.0067,2282.0,2.402,0.00e+00,128,128,128,0
native:direct,double,128,128,512,T,native:direct,0.03478,0.03479,0.0094,1959.7,2.063,0.00e+00,128,128,128,0
native:cta,double,128,128,512,T,native:cta,0.05097,0.05098,0.0023,1337.1,1.408,0.00e+00,128,128,128,0
vendor,cfloat,128,128,512,T,vendor:auto,0.02227,0.02240,0.0162,3060.4,3.221,0.00e+00,128,128,128,0
native:direct,cfloat,128,128,512,T,native:direct,0.05563,0.05559,0.0020,1225.3,1.290,0.00e+00,128,128,128,0
native:cta,cfloat,128,128,512,T,native:cta,0.02078,0.02077,0.0039,3279.8,3.452,0.00e+00,128,128,128,0
vendor,cdouble,128,128,512,T,vendor:auto,0.15603,0.15616,0.0025,873.7,0.920,0.00e+00,128,128,128,0
native:direct,cdouble,128,128,512,T,native:direct,0.52690,0.52770,0.0032,258.7,0.272,0.00e+00,128,128,128,0
native:cta,cdouble,128,128,512,T,native:cta,0.15765,0.15780,0.0035,864.7,0.910,0.00e+00,128,128,128,0
vendor,float,128,128,512,C,vendor:auto,0.01532,0.01536,0.0092,2225.0,2.342,0.00e+00,128,128,128,0
native:direct,float,128,128,512,C,native:direct,0.03033,0.03034,0.0021,1123.5,1.183,0.00e+00,128,128,128,0
native:cta,float,128,128,512,C,native:cta,0.01604,0.01607,0.0064,2125.3,2.237,0.00e+00,128,128,128,0
vendor,double,128,128,512,C,vendor:auto,0.02988,0.02987,0.0042,2280.8,2.401,0.00e+00,128,128,128,0
native:direct,double,128,128,512,C,native:direct,0.03468,0.03466,0.0055,1965.3,2.069,0.00e+00,128,128,128,0
native:cta,double,128,128,512,C,native:cta,0.05118,0.05117,0.0028,1331.7,1.402,0.00e+00,128,128,128,0
vendor,cfloat,128,128,512,C,vendor:auto,0.02185,0.02186,0.0057,3119.2,3.283,0.00e+00,128,128,128,0
native:direct,cfloat,128,128,512,C,native:direct,0.05543,0.05538,0.0027,1229.7,1.294,0.00e+00,128,128,128,0
native:cta,cfloat,128,128,512,C,native:cta,0.02057,0.02065,0.0073,3312.6,3.487,0.00e+00,128,128,128,0
vendor,cdouble,128,128,512,C,vendor:auto,0.16285,0.16322,0.0053,837.1,0.881,0.00e+00,128,128,128,0
native:direct,cdouble,128,128,512,C,native:direct,0.52789,0.52764,0.0020,258.2,0.272,0.00e+00,128,128,128,0
native:cta,cdouble,128,128,512,C,native:cta,0.15785,0.15801,0.0039,863.6,0.909,0.00e+00,128,128,128,0
vendor,float,256,256,512,N,vendor:auto,0.15192,0.15196,0.0031,890.4,0.937,0.00e+00,256,256,256,0
native:direct,float,256,256,512,N,native:direct,0.14898,0.14897,0.0008,907.9,0.956,0.00e+00,256,256,256,0
vendor,double,256,256,512,N,vendor:auto,0.29517,0.29541,0.0025,916.5,0.965,0.00e+00,256,256,256,0
native:direct,double,256,256,512,N,native:direct,0.29234,0.29235,0.0012,925.4,0.974,0.00e+00,256,256,256,0
vendor,cfloat,256,256,512,N,vendor:auto,0.29326,0.29332,0.0009,922.5,0.971,0.00e+00,256,256,256,0
native:direct,cfloat,256,256,512,N,native:direct,0.29087,0.29086,0.0007,930.1,0.979,0.00e+00,256,256,256,0
vendor,cdouble,256,256,512,N,vendor:auto,0.58417,0.58428,0.0018,926.2,0.975,0.00e+00,256,256,256,0
native:direct,cdouble,256,256,512,N,native:direct,0.57681,0.57711,0.0023,938.0,0.987,0.00e+00,256,256,256,0
vendor,float,256,256,512,T,vendor:auto,0.15146,0.15147,0.0013,893.1,0.940,0.00e+00,256,256,256,0
native:direct,float,256,256,512,T,native:direct,0.49416,0.49422,0.0016,273.7,0.288,0.00e+00,256,256,256,0
native:cta,float,256,256,512,T,native:cta,0.15000,0.15000,0.0012,901.8,0.949,0.00e+00,256,256,256,0
vendor,double,256,256,512,T,vendor:auto,0.29474,0.29478,0.0010,917.9,0.966,0.00e+00,256,256,256,0
native:direct,double,256,256,512,T,native:direct,1.02837,1.02807,0.0023,263.1,0.277,0.00e+00,256,256,256,0
native:cta,double,256,256,512,T,native:cta,0.29444,0.29450,0.0015,918.8,0.967,0.00e+00,256,256,256,0
vendor,cfloat,256,256,512,T,vendor:auto,0.29377,0.29383,0.0008,920.9,0.969,0.00e+00,256,256,256,0
native:direct,cfloat,256,256,512,T,native:direct,1.03168,1.03123,0.0025,262.2,0.276,0.00e+00,256,256,256,0
native:cta,cfloat,256,256,512,T,native:cta,0.29336,0.29344,0.0007,922.2,0.971,0.00e+00,256,256,256,0
vendor,cdouble,256,256,512,T,vendor:auto,1.58381,1.58500,0.0058,341.6,0.360,0.00e+00,256,256,256,0
native:direct,cdouble,256,256,512,T,native:direct,2.16544,2.16617,0.0013,249.9,0.263,0.00e+00,256,256,256,0
native:cta,cdouble,256,256,512,T,native:cta,0.58720,0.58706,0.0011,921.4,0.970,0.00e+00,256,256,256,0
vendor,float,256,256,512,C,vendor:auto,0.15121,0.15125,0.0012,894.5,0.942,0.00e+00,256,256,256,0
native:direct,float,256,256,512,C,native:direct,0.49485,0.49511,0.0014,273.4,0.288,0.00e+00,256,256,256,0
native:cta,float,256,256,512,C,native:cta,0.14996,0.14996,0.0009,902.0,0.949,0.00e+00,256,256,256,0
vendor,double,256,256,512,C,vendor:auto,0.29445,0.29451,0.0016,918.8,0.967,0.00e+00,256,256,256,0
native:direct,double,256,256,512,C,native:direct,1.03127,1.03119,0.0044,262.3,0.276,0.00e+00,256,256,256,0
native:cta,double,256,256,512,C,native:cta,0.29438,0.29462,0.0016,919.0,0.967,0.00e+00,256,256,256,0
vendor,cfloat,256,256,512,C,vendor:auto,0.29369,0.29378,0.0008,921.1,0.970,0.00e+00,256,256,256,0
native:direct,cfloat,256,256,512,C,native:direct,1.03362,1.03211,0.0029,261.7,0.276,0.00e+00,256,256,256,0
native:cta,cfloat,256,256,512,C,native:cta,0.29342,0.29345,0.0008,922.0,0.971,0.00e+00,256,256,256,0
vendor,cdouble,256,256,512,C,vendor:auto,1.65834,1.65830,0.0045,326.3,0.343,0.00e+00,256,256,256,0
native:direct,cdouble,256,256,512,C,native:direct,2.14556,2.14619,0.0013,252.2,0.265,0.00e+00,256,256,256,0
native:cta,cdouble,256,256,512,C,native:cta,0.58670,0.58686,0.0008,922.2,0.971,0.00e+00,256,256,256,0
vendor,float,256,1024,512,N,vendor:auto,0.57464,0.57440,0.0022,938.8,0.988,0.00e+00,256,256,1024,0
native:direct,float,256,1024,512,N,native:direct,0.57187,0.57179,0.0007,943.4,0.993,0.00e+00,256,256,1024,0
vendor,double,256,1024,512,N,vendor:auto,1.13982,1.13965,0.0011,946.6,0.996,0.00e+00,256,256,1024,0
native:direct,double,256,1024,512,N,native:direct,1.13812,1.13780,0.0014,948.0,0.998,0.00e+00,256,256,1024,0
vendor,cfloat,256,1024,512,N,vendor:auto,1.13695,1.13699,0.0006,949.0,0.999,0.00e+00,256,256,1024,0
native:direct,cfloat,256,1024,512,N,native:direct,1.13640,1.13625,0.0007,949.5,0.999,0.00e+00,256,256,1024,0
vendor,cdouble,256,1024,512,N,vendor:auto,2.28570,2.28704,0.0022,944.1,0.994,0.00e+00,256,256,1024,0
native:direct,cdouble,256,1024,512,N,native:direct,2.26831,2.27693,0.0099,951.4,1.001,0.00e+00,256,256,1024,0
vendor,float,1024,256,512,T,vendor:auto,0.57481,0.57477,0.0006,938.6,0.988,0.00e+00,1024,256,1024,0
native:direct,float,1024,256,512,T,native:direct,2.15012,2.15003,0.0007,250.9,0.264,0.00e+00,1024,256,1024,0
native:cta,float,1024,256,512,T,native:cta,0.57352,0.57367,0.0008,940.7,0.990,0.00e+00,1024,256,1024,0
vendor,double,1024,256,512,T,vendor:auto,1.13477,1.13503,0.0005,950.8,1.001,0.00e+00,1024,256,1024,0
native:direct,double,1024,256,512,T,native:direct,4.35355,4.35353,0.0010,247.8,0.261,0.00e+00,1024,256,1024,0
native:cta,double,1024,256,512,T,native:cta,1.13932,1.13987,0.0009,947.0,0.997,0.00e+00,1024,256,1024,0
vendor,cfloat,1024,256,512,T,vendor:auto,1.13429,1.13426,0.0003,951.2,1.001,0.00e+00,1024,256,1024,0
native:direct,cfloat,1024,256,512,T,native:direct,4.36556,4.36201,0.0017,247.2,0.260,0.00e+00,1024,256,1024,0
native:cta,cfloat,1024,256,512,T,native:cta,1.13951,1.13952,0.0002,946.9,0.997,0.00e+00,1024,256,1024,0
vendor,cdouble,1024,256,512,T,vendor:auto,2.39000,2.38892,0.0021,902.9,0.950,0.00e+00,1024,256,1024,0
native:direct,cdouble,1024,256,512,T,native:direct,8.77292,8.77511,0.0008,246.0,0.259,0.00e+00,1024,256,1024,0
native:cta,cdouble,1024,256,512,T,native:cta,2.28525,2.28592,0.0016,944.3,0.994,0.00e+00,1024,256,1024,0
vendor,float,1024,256,512,C,vendor:auto,0.57532,0.57524,0.0007,937.7,0.987,0.00e+00,1024,256,1024,0
native:direct,float,1024,256,512,C,native:direct,2.15599,2.15621,0.0007,250.2,0.263,0.00e+00,1024,256,1024,0
native:cta,float,1024,256,512,C,native:cta,0.57323,0.57330,0.0005,941.1,0.991,0.00e+00,1024,256,1024,0
vendor,double,1024,256,512,C,vendor:auto,1.13574,1.13560,0.0004,950.0,1.000,0.00e+00,1024,256,1024,0
native:direct,double,1024,256,512,C,native:direct,4.32278,4.33721,0.0064,249.6,0.263,0.00e+00,1024,256,1024,0
native:cta,double,1024,256,512,C,native:cta,1.14044,1.14047,0.0005,946.1,0.996,0.00e+00,1024,256,1024,0
vendor,cfloat,1024,256,512,C,vendor:auto,1.13125,1.13126,0.0003,953.8,1.004,0.00e+00,1024,256,1024,0
native:direct,cfloat,1024,256,512,C,native:direct,4.39006,4.39112,0.0013,245.8,0.259,0.00e+00,1024,256,1024,0
native:cta,cfloat,1024,256,512,C,native:cta,1.13958,1.13967,0.0004,946.8,0.997,0.00e+00,1024,256,1024,0
vendor,cdouble,1024,256,512,C,vendor:auto,2.38943,2.38988,0.0020,903.1,0.951,0.00e+00,1024,256,1024,0
native:direct,cdouble,1024,256,512,C,native:direct,8.75409,8.75439,0.0011,246.5,0.259,0.00e+00,1024,256,1024,0
native:cta,cdouble,1024,256,512,C,native:cta,2.28390,2.28484,0.0008,944.9,0.995,0.00e+00,1024,256,1024,0
vendor,float,512,512,256,N,vendor:auto,0.29157,0.29195,0.0033,924.3,0.973,0.00e+00,512,512,512,0
native:direct,float,512,512,256,N,native:direct,0.28981,0.29002,0.0015,929.9,0.979,0.00e+00,512,512,512,0
vendor,double,512,512,256,N,vendor:auto,0.57481,0.57492,0.0007,937.6,0.987,0.00e+00,512,512,512,0
native:direct,double,512,512,256,N,native:direct,0.57407,0.57390,0.0015,938.9,0.988,0.00e+00,512,512,512,0
vendor,cfloat,512,512,256,N,vendor:auto,0.57259,0.57253,0.0005,941.3,0.991,0.00e+00,512,512,512,0
native:direct,cfloat,512,512,256,N,native:direct,0.57181,0.57189,0.0006,942.6,0.992,0.00e+00,512,512,512,0
vendor,cdouble,512,512,256,N,vendor:auto,1.14632,1.14836,0.0032,940.3,0.990,0.00e+00,512,512,512,0
native:direct,cdouble,512,512,256,N,native:direct,1.14145,1.14145,0.0012,944.4,0.994,0.00e+00,512,512,512,0
vendor,float,512,512,256,T,vendor:auto,0.29262,0.29273,0.0014,920.9,0.969,0.00e+00,512,512,512,0
native:direct,float,512,512,256,T,native:direct,1.02685,1.02694,0.0017,262.4,0.276,0.00e+00,512,512,512,0
native:cta,float,512,512,256,T,native:cta,0.29065,0.29069,0.0007,927.2,0.976,0.00e+00,512,512,512,0
vendor,double,512,512,256,T,vendor:auto,0.57633,0.57643,0.0007,935.2,0.984,0.00e+00,512,512,512,0
native:direct,double,512,512,256,T,native:direct,2.13427,2.13414,0.0012,252.5,0.266,0.00e+00,512,512,512,0
native:cta,double,512,512,256,T,native:cta,0.57514,0.57517,0.0003,937.1,0.986,0.00e+00,512,512,512,0
vendor,cfloat,512,512,256,T,vendor:auto,0.57560,0.57562,0.0004,936.4,0.986,0.00e+00,512,512,512,0
native:direct,cfloat,512,512,256,T,native:direct,2.16071,2.16034,0.0019,249.4,0.263,0.00e+00,512,512,512,0
native:cta,cfloat,512,512,256,T,native:cta,0.57503,0.57491,0.0005,937.3,0.987,0.00e+00,512,512,512,0
vendor,cdouble,512,512,256,T,vendor:auto,1.16760,1.16761,0.0023,923.2,0.972,0.00e+00,512,512,512,0
native:direct,cdouble,512,512,256,T,native:direct,4.32862,4.33014,0.0012,249.0,0.262,0.00e+00,512,512,512,0
native:cta,cdouble,512,512,256,T,native:cta,1.15130,1.15163,0.0010,936.3,0.986,0.00e+00,512,512,512,0
vendor,float,512,512,256,C,vendor:auto,0.29276,0.29278,0.0012,920.5,0.969,0.00e+00,512,512,512,0
native:direct,float,512,512,256,C,native:direct,1.02409,1.02368,0.0019,263.1,0.277,0.00e+00,512,512,512,0
native:cta,float,512,512,256,C,native:cta,0.29066,0.29078,0.0007,927.1,0.976,0.00e+00,512,512,512,0
vendor,double,512,512,256,C,vendor:auto,0.57168,0.57175,0.0004,942.8,0.992,0.00e+00,512,512,512,0
native:direct,double,512,512,256,C,native:direct,2.12359,2.12420,0.0009,253.8,0.267,0.00e+00,512,512,512,0
native:cta,double,512,512,256,C,native:cta,0.57553,0.57549,0.0008,936.5,0.986,0.00e+00,512,512,512,0
vendor,cfloat,512,512,256,C,vendor:auto,0.57592,0.57587,0.0005,935.8,0.985,0.00e+00,512,512,512,0
native:direct,cfloat,512,512,256,C,native:direct,2.14339,2.14326,0.0016,251.5,0.265,0.00e+00,512,512,512,0
native:cta,cfloat,512,512,256,C,native:cta,0.57468,0.57466,0.0003,937.9,0.987,0.00e+00,512,512,512,0
vendor,cdouble,512,512,256,C,vendor:auto,1.26006,1.25289,0.0101,855.5,0.900,0.00e+00,512,512,512,0
native:direct,cdouble,512,512,256,C,native:direct,4.32720,4.32649,0.0010,249.1,0.262,0.00e+00,512,512,512,0
native:cta,cdouble,512,512,256,C,native:cta,1.15175,1.15217,0.0014,935.9,0.985,0.00e+00,512,512,512,0
vendor,float,1024,128,512,N,vendor:auto,0.29614,0.29617,0.0005,914.4,0.963,0.00e+00,1024,1024,128,0
native:direct,float,1024,128,512,N,native:direct,0.29547,0.29544,0.0013,916.5,0.965,0.00e+00,1024,1024,128,0
vendor,double,1024,128,512,N,vendor:auto,0.58376,0.58396,0.0007,927.8,0.977,0.00e+00,1024,1024,128,0
native:direct,double,1024,128,512,N,native:direct,0.58159,0.58175,0.0009,931.2,0.980,0.00e+00,1024,1024,128,0
vendor,cfloat,1024,128,512,N,vendor:auto,0.58219,0.58223,0.0015,930.3,0.979,0.00e+00,1024,1024,128,0
native:direct,cfloat,1024,128,512,N,native:direct,0.58257,0.58244,0.0010,929.7,0.979,0.00e+00,1024,1024,128,0
vendor,cdouble,1024,128,512,N,vendor:auto,1.16217,1.16212,0.0003,932.0,0.981,0.00e+00,1024,1024,128,0
native:direct,cdouble,1024,128,512,N,native:direct,1.16859,1.16793,0.0054,926.9,0.976,0.00e+00,1024,1024,128,0
vendor,float,128,1024,512,T,vendor:auto,0.29615,0.29617,0.0009,914.4,0.963,0.00e+00,128,1024,128,0
native:direct,float,128,1024,512,T,native:direct,0.51763,0.51770,0.0012,523.1,0.551,0.00e+00,128,1024,128,0
native:cta,float,128,1024,512,T,native:cta,0.29349,0.29353,0.0010,922.7,0.971,0.00e+00,128,1024,128,0
vendor,double,128,1024,512,T,vendor:auto,0.57830,0.57849,0.0010,936.5,0.986,0.00e+00,128,1024,128,0
native:direct,double,128,1024,512,T,native:direct,2.06280,2.06196,0.0008,262.6,0.276,0.00e+00,128,1024,128,0
native:cta,double,128,1024,512,T,native:cta,0.58467,0.58466,0.0009,926.3,0.975,0.00e+00,128,1024,128,0
vendor,cfloat,128,1024,512,T,vendor:auto,0.58382,0.58380,0.0004,927.7,0.976,0.00e+00,128,1024,128,0
native:direct,cfloat,128,1024,512,T,native:direct,2.04470,2.04586,0.0032,264.9,0.279,0.00e+00,128,1024,128,0
native:cta,cfloat,128,1024,512,T,native:cta,0.58356,0.58356,0.0004,928.1,0.977,0.00e+00,128,1024,128,0
vendor,cdouble,128,1024,512,T,vendor:auto,3.06847,3.05869,0.0125,353.0,0.372,0.00e+00,128,1024,128,0
native:direct,cdouble,128,1024,512,T,native:direct,4.08518,4.07996,0.0039,265.1,0.279,0.00e+00,128,1024,128,0
native:cta,cdouble,128,1024,512,T,native:cta,1.16835,1.16848,0.0006,927.1,0.976,0.00e+00,128,1024,128,0
vendor,float,128,1024,512,C,vendor:auto,0.29602,0.29610,0.0010,914.8,0.963,0.00e+00,128,1024,128,0
native:direct,float,128,1024,512,C,native:direct,0.51719,0.51716,0.0034,523.6,0.551,0.00e+00,128,1024,128,0
native:cta,float,128,1024,512,C,native:cta,0.29357,0.29360,0.0013,922.4,0.971,0.00e+00,128,1024,128,0
vendor,double,128,1024,512,C,vendor:auto,0.58435,0.58441,0.0006,926.8,0.976,0.00e+00,128,1024,128,0
native:direct,double,128,1024,512,C,native:direct,2.06369,2.06302,0.0009,262.4,0.276,0.00e+00,128,1024,128,0
native:cta,double,128,1024,512,C,native:cta,0.58399,0.58401,0.0007,927.4,0.976,0.00e+00,128,1024,128,0
vendor,cfloat,128,1024,512,C,vendor:auto,0.57651,0.57678,0.0009,939.4,0.989,0.00e+00,128,1024,128,0
native:direct,cfloat,128,1024,512,C,native:direct,2.03785,2.04094,0.0052,265.8,0.280,0.00e+00,128,1024,128,0
native:cta,cfloat,128,1024,512,C,native:cta,0.58349,0.58374,0.0009,928.2,0.977,0.00e+00,128,1024,128,0
vendor,cdouble,128,1024,512,C,vendor:auto,3.30172,3.29472,0.0058,328.1,0.345,0.00e+00,128,1024,128,0
native:direct,cdouble,128,1024,512,C,native:direct,4.08831,4.08114,0.0041,264.9,0.279,0.00e+00,128,1024,128,0
native:cta,cdouble,128,1024,512,C,native:cta,1.16729,1.16756,0.0006,927.9,0.977,0.00e+00,128,1024,128,0
vendor,float,1024,1024,128,N,vendor:auto,0.57242,0.57254,0.0013,939.7,0.989,0.00e+00,1024,1024,1024,0
native:direct,float,1024,1024,128,N,native:direct,0.57105,0.57098,0.0006,942.0,0.992,0.00e+00,1024,1024,1024,0
vendor,double,1024,1024,128,N,vendor:auto,1.13633,1.13665,0.0012,946.8,0.997,0.00e+00,1024,1024,1024,0
native:direct,double,1024,1024,128,N,native:direct,1.13458,1.13503,0.0014,948.2,0.998,0.00e+00,1024,1024,1024,0
vendor,cfloat,1024,1024,128,N,vendor:auto,1.13434,1.13428,0.0006,948.4,0.998,0.00e+00,1024,1024,1024,0
native:direct,cfloat,1024,1024,128,N,native:direct,1.13371,1.13385,0.0009,949.0,0.999,0.00e+00,1024,1024,1024,0
vendor,cdouble,1024,1024,128,N,vendor:auto,2.27563,2.27665,0.0025,945.5,0.995,0.00e+00,1024,1024,1024,0
native:direct,cdouble,1024,1024,128,N,native:direct,2.27325,2.28093,0.0091,946.5,0.996,0.00e+00,1024,1024,1024,0
vendor,float,1024,1024,128,T,vendor:auto,0.57578,0.57595,0.0008,934.2,0.983,0.00e+00,1024,1024,1024,0
native:direct,float,1024,1024,128,T,native:direct,2.14611,2.14613,0.0007,250.6,0.264,0.00e+00,1024,1024,1024,0
native:cta,float,1024,1024,128,T,native:cta,0.57163,0.57154,0.0003,941.0,0.991,0.00e+00,1024,1024,1024,0
vendor,double,1024,1024,128,T,vendor:auto,1.13749,1.13742,0.0004,945.8,0.996,0.00e+00,1024,1024,1024,0
native:direct,double,1024,1024,128,T,native:direct,4.30808,4.30739,0.0009,249.7,0.263,0.00e+00,1024,1024,1024,0
native:cta,double,1024,1024,128,T,native:cta,1.13597,1.13595,0.0003,947.1,0.997,0.00e+00,1024,1024,1024,0
vendor,cfloat,1024,1024,128,T,vendor:auto,1.13658,1.13655,0.0003,946.6,0.996,0.00e+00,1024,1024,1024,0
native:direct,cfloat,1024,1024,128,T,native:direct,4.34302,4.34465,0.0010,247.7,0.261,0.00e+00,1024,1024,1024,0
native:cta,cfloat,1024,1024,128,T,native:cta,1.13665,1.13679,0.0005,946.5,0.996,0.00e+00,1024,1024,1024,0
vendor,cdouble,1024,1024,128,T,vendor:auto,2.31574,2.31562,0.0022,929.2,0.978,0.00e+00,1024,1024,1024,0
native:direct,cdouble,1024,1024,128,T,native:direct,8.73071,8.73156,0.0012,246.4,0.259,0.00e+00,1024,1024,1024,0
native:cta,cdouble,1024,1024,128,T,native:cta,2.27764,2.27730,0.0011,944.7,0.994,0.00e+00,1024,1024,1024,0
vendor,float,1024,1024,128,C,vendor:auto,0.57466,0.57467,0.0007,936.1,0.985,0.00e+00,1024,1024,1024,0
native:direct,float,1024,1024,128,C,native:direct,2.15816,2.15701,0.0022,249.2,0.262,0.00e+00,1024,1024,1024,0
native:cta,float,1024,1024,128,C,native:cta,0.57174,0.57199,0.0015,940.9,0.990,0.00e+00,1024,1024,1024,0
vendor,double,1024,1024,128,C,vendor:auto,1.12742,1.12746,0.0002,954.2,1.004,0.00e+00,1024,1024,1024,0
native:direct,double,1024,1024,128,C,native:direct,4.32760,4.32971,0.0010,248.6,0.262,0.00e+00,1024,1024,1024,0
native:cta,double,1024,1024,128,C,native:cta,1.13698,1.13701,0.0004,946.2,0.996,0.00e+00,1024,1024,1024,0
vendor,cfloat,1024,1024,128,C,vendor:auto,1.13689,1.13689,0.0003,946.3,0.996,0.00e+00,1024,1024,1024,0
native:direct,cfloat,1024,1024,128,C,native:direct,4.42432,4.42601,0.0023,243.2,0.256,0.00e+00,1024,1024,1024,0
native:cta,cfloat,1024,1024,128,C,native:cta,1.13613,1.13610,0.0002,946.9,0.997,0.00e+00,1024,1024,1024,0
vendor,cdouble,1024,1024,128,C,vendor:auto,2.52092,2.51780,0.0060,853.5,0.898,0.00e+00,1024,1024,1024,0
native:direct,cdouble,1024,1024,128,C,native:direct,8.71498,8.71511,0.0009,246.9,0.260,0.00e+00,1024,1024,1024,0
native:cta,cdouble,1024,1024,128,C,native:cta,2.27771,2.27803,0.0008,944.7,0.994,0.00e+00,1024,1024,1024,0
vendor,float,2048,64,512,N,vendor:auto,0.30044,0.30044,0.0009,907.9,0.956,0.00e+00,2048,2048,64,0
native:direct,float,2048,64,512,N,native:direct,0.29943,0.29938,0.0012,910.9,0.959,0.00e+00,2048,2048,64,0
vendor,double,2048,64,512,N,vendor:auto,0.59250,0.59244,0.0005,920.7,0.969,0.00e+00,2048,2048,64,0
native:direct,double,2048,64,512,N,native:direct,0.59063,0.59069,0.0006,923.6,0.972,0.00e+00,2048,2048,64,0
vendor,cfloat,2048,64,512,N,vendor:auto,0.59113,0.59116,0.0003,922.8,0.971,0.00e+00,2048,2048,64,0
native:direct,cfloat,2048,64,512,N,native:direct,0.59093,0.59111,0.0008,923.2,0.972,0.00e+00,2048,2048,64,0
vendor,cdouble,2048,64,512,N,vendor:auto,1.17903,1.17883,0.0007,925.4,0.974,0.00e+00,2048,2048,64,0
native:direct,cdouble,2048,64,512,N,native:direct,1.17465,1.17671,0.0032,928.8,0.978,0.00e+00,2048,2048,64,0
vendor,float,64,2048,512,T,vendor:auto,0.29969,0.29979,0.0012,910.1,0.958,0.00e+00,64,2048,64,0
native:direct,float,64,2048,512,T,native:direct,0.48488,0.48495,0.0019,562.5,0.592,0.00e+00,64,2048,64,0
native:cta,float,64,2048,512,T,native:cta,0.29884,0.29826,0.0079,912.7,0.961,0.00e+00,64,2048,64,0
vendor,double,64,2048,512,T,vendor:auto,0.59332,0.59347,0.0008,919.4,0.968,0.00e+00,64,2048,64,0
native:direct,double,64,2048,512,T,native:direct,1.06195,1.06202,0.0010,513.7,0.541,0.00e+00,64,2048,64,0
native:cta,double,64,2048,512,T,native:cta,0.58663,0.58645,0.0017,929.9,0.979,0.00e+00,64,2048,64,0
vendor,cfloat,64,2048,512,T,vendor:auto,0.59149,0.59163,0.0011,922.3,0.971,0.00e+00,64,2048,64,0
native:direct,cfloat,64,2048,512,T,native:direct,1.04223,1.04219,0.0028,523.4,0.551,0.00e+00,64,2048,64,0
native:cta,cfloat,64,2048,512,T,native:cta,0.58954,0.58923,0.0013,925.3,0.974,0.00e+00,64,2048,64,0
vendor,cdouble,64,2048,512,T,vendor:auto,2.89187,2.89611,0.0185,377.3,0.397,0.00e+00,64,2048,64,0
native:direct,cdouble,64,2048,512,T,native:direct,4.14916,4.14921,0.0005,263.0,0.277,0.00e+00,64,2048,64,0
native:cta,cdouble,64,2048,512,T,native:cta,1.54717,1.54727,0.0004,705.2,0.742,0.00e+00,64,2048,64,0
vendor,float,64,2048,512,C,vendor:auto,0.29330,0.29327,0.0009,930.0,0.979,0.00e+00,64,2048,64,0
native:direct,float,64,2048,512,C,native:direct,0.48410,0.48411,0.0040,563.4,0.593,0.00e+00,64,2048,64,0
native:cta,float,64,2048,512,C,native:cta,0.29425,0.29437,0.0011,927.0,0.976,0.00e+00,64,2048,64,0
vendor,double,64,2048,512,C,vendor:auto,0.59210,0.59208,0.0004,921.3,0.970,0.00e+00,64,2048,64,0
native:direct,double,64,2048,512,C,native:direct,1.06221,1.06193,0.0013,513.6,0.541,0.00e+00,64,2048,64,0
native:cta,double,64,2048,512,C,native:cta,0.58598,0.58661,0.0022,931.0,0.980,0.00e+00,64,2048,64,0
vendor,cfloat,64,2048,512,C,vendor:auto,0.59162,0.59165,0.0004,922.1,0.971,0.00e+00,64,2048,64,0
native:direct,cfloat,64,2048,512,C,native:direct,1.04342,1.04338,0.0040,522.8,0.550,0.00e+00,64,2048,64,0
native:cta,cfloat,64,2048,512,C,native:cta,0.58990,0.59014,0.0010,924.8,0.973,0.00e+00,64,2048,64,0
vendor,cdouble,64,2048,512,C,vendor:auto,3.08171,3.06073,0.0144,354.0,0.373,0.00e+00,64,2048,64,0
native:direct,cdouble,64,2048,512,C,native:direct,4.14803,4.14861,0.0007,263.0,0.277,0.00e+00,64,2048,64,0
native:cta,cdouble,64,2048,512,C,native:cta,1.54777,1.54788,0.0006,704.9,0.742,0.00e+00,64,2048,64,0
