shape,route,pad,m,k,ms,rsd,gflops
inner,native,0,32,32,0.249615,2.23,4301.6
inner,native,1,32,32,0.633895,1.19,1693.88
inner,native,2,32,32,0.620742,1.35,1729.77
inner,native,3,32,32,0.673213,1.22,1594.95
inner,native,4,32,32,0.701237,1.19,1531.21
inner,native,5,32,32,0.704248,1.14,1524.66
inner,native,6,32,32,0.685565,1.29,1566.21
inner,native,7,32,32,0.704763,1.25,1523.55
inner,native,8,32,32,0.527824,1.41,2034.28
inner,native,10,32,32,0.613829,1.31,1749.25
inner,native,12,32,32,0.576255,1.21,1863.31
inner,native,16,32,32,0.259097,2.44,4144.17
inner,native,20,32,32,0.436285,1.47,2461.1
inner,native,24,32,32,0.26018,2.62,4126.92
inner,native,32,32,32,0.235632,4.05,4556.86
inner,native,48,32,32,0.321406,2.21,3340.77
inner,native,64,32,32,0.278925,2.01,3849.57
inner,native,96,32,32,0.249127,2.32,4310.01
inner,native,128,32,32,0.333993,2.02,3214.86
inner,native,129,32,32,0.520708,1.48,2062.08
inner,native,130,32,32,0.439844,1.6,2441.19
inner,native,132,32,32,0.421724,1.68,2546.08
inner,native,192,32,32,0.302576,1.99,3548.67
inner,native,256,32,32,0.321825,2.28,3336.42
inner,native,384,32,32,0.345714,2.07,3105.87
inner,native,512,32,32,0.411386,1.48,2610.06
inner,vendor,0,32,32,0.245101,2.92,4380.81
inner,vendor,1,32,32,0.245176,3.08,4379.48
inner,vendor,2,32,32,0.252946,3.06,4244.95
inner,vendor,3,32,32,0.253988,2.44,4227.53
inner,vendor,4,32,32,0.288267,2.04,3724.82
inner,vendor,8,32,32,0.259939,2.22,4130.75
inner,vendor,16,32,32,0.298406,2.0,3598.26
inner,vendor,32,32,32,0.218222,2.79,4920.41
inner,vendor,64,32,32,0.23318,2.85,4604.78
inner,vendor,128,32,32,0.245617,2.92,4371.61
inner,vendor,129,32,32,0.455171,1.49,2358.99
inner,vendor,132,32,32,0.434454,1.82,2471.47
inner,vendor,256,32,32,0.242473,3.91,4428.29
inner,vendor,384,32,32,0.243232,3.39,4414.48
inner,vendor,512,32,32,0.239889,2.59,4476.0
inner,native,0,32,96,0.490068,1.28,6573.01
inner,native,1,32,96,1.14905,3.18,2803.38
inner,native,2,32,96,1.11319,2.9,2893.68
inner,native,3,32,96,1.19145,3.08,2703.61
inner,native,4,32,96,1.25327,3.02,2570.25
inner,native,5,32,96,1.22532,3.08,2628.88
inner,native,6,32,96,1.17632,3.26,2738.4
inner,native,7,32,96,1.20124,3.02,2681.58
inner,native,8,32,96,0.95403,0.92,3376.44
inner,native,10,32,96,1.04732,3.37,3075.69
inner,native,12,32,96,0.999852,0.87,3221.7
inner,native,16,32,96,0.486292,1.28,6624.05
inner,native,20,32,96,0.737662,1.04,4366.8
inner,native,24,32,96,0.486843,1.58,6616.56
inner,native,32,32,96,0.477341,1.33,6748.28
inner,native,48,32,96,0.529316,1.34,6085.64
inner,native,64,32,96,0.529772,1.29,6080.4
inner,native,96,32,96,0.618836,2.96,5205.29
inner,native,128,32,96,0.735552,1.24,4379.33
inner,native,129,32,96,0.903793,0.92,3564.12
inner,native,130,32,96,0.882732,0.97,3649.16
inner,native,132,32,96,0.892977,0.95,3607.29
inner,native,192,32,96,0.748242,1.64,4305.06
inner,native,256,32,96,0.875968,0.96,3677.33
inner,native,384,32,96,0.954631,3.43,3374.31
inner,native,512,32,96,0.939208,0.9,3429.73
inner,vendor,0,32,96,0.416547,1.49,7733.16
inner,vendor,1,32,96,0.417276,1.65,7719.65
inner,vendor,2,32,96,0.422303,1.45,7627.76
inner,vendor,3,32,96,0.426334,1.55,7555.64
inner,vendor,4,32,96,0.444289,1.55,7250.29
inner,vendor,8,32,96,0.439423,4.62,7330.58
inner,vendor,16,32,96,0.471173,1.45,6836.6
inner,vendor,32,32,96,0.405388,1.56,7946.03
inner,vendor,64,32,96,0.435918,1.32,7389.52
inner,vendor,128,32,96,0.428213,1.65,7522.48
inner,vendor,129,32,96,0.616342,1.21,5226.36
inner,vendor,132,32,96,0.594234,1.35,5420.8
inner,vendor,256,32,96,0.430011,1.62,7491.04
inner,vendor,384,32,96,0.439395,1.5,7331.05
inner,vendor,512,32,96,0.433637,1.42,7428.4
outer,native,0,128,128,0.984261,0.88,17454.6
outer,native,1,128,128,1.8737,2.58,9168.95
outer,native,2,128,128,1.89571,2.55,9062.52
outer,native,3,128,128,1.88815,2.46,9098.8
outer,native,4,128,128,1.04358,3.69,16462.4
outer,native,5,128,128,1.91894,2.71,8952.81
outer,native,6,128,128,1.93084,2.6,8897.61
outer,native,7,128,128,1.93595,2.55,8874.13
outer,native,8,128,128,1.03343,3.46,16624.1
outer,native,10,128,128,1.88898,2.67,9094.78
outer,native,12,128,128,1.07321,3.75,16008.0
outer,native,16,128,128,1.04918,3.61,16374.6
outer,native,20,128,128,1.09784,3.69,15648.9
outer,native,24,128,128,1.11141,3.62,15457.8
outer,native,32,128,128,1.12732,3.63,15239.5
outer,native,48,128,128,1.23307,3.49,13932.6
outer,native,64,128,128,1.22474,3.54,14027.3
outer,native,96,128,128,1.34721,3.25,12752.2
outer,native,128,128,128,1.46548,3.11,11723.1
outer,native,129,128,128,1.89183,2.52,9081.06
outer,native,130,128,128,1.88974,2.72,9091.13
outer,native,132,128,128,1.50433,3.07,11420.3
outer,native,192,128,128,1.41552,3.2,12136.8
outer,native,256,128,128,1.52371,2.87,11275.0
outer,native,384,128,128,1.54742,3.08,11102.2
outer,native,512,128,128,1.64363,2.87,10452.4
outer,vendor,0,128,128,0.927057,0.88,18531.6
outer,vendor,1,128,128,0.928921,0.98,18494.4
outer,vendor,2,128,128,0.937292,0.98,18329.3
outer,vendor,3,128,128,0.960024,0.96,17895.2
outer,vendor,4,128,128,0.950575,0.92,18073.1
outer,vendor,8,128,128,0.962034,0.9,17857.9
outer,vendor,16,128,128,1.00613,0.87,17075.2
outer,vendor,32,128,128,0.958987,0.89,17914.6
outer,vendor,64,128,128,0.940589,1.01,18265.0
outer,vendor,128,128,128,0.936715,0.97,18340.6
outer,vendor,129,128,128,1.17776,3.19,14587.0
outer,vendor,132,128,128,1.14803,3.58,14964.6
outer,vendor,256,128,128,0.965964,0.94,17785.2
outer,vendor,384,128,128,0.961998,0.91,17858.5
outer,vendor,512,128,128,0.991793,0.95,17322.0
outer,native,0,128,256,2.38319,3.21,14417.5
outer,native,1,128,256,2.97504,3.17,11549.3
outer,native,2,128,256,3.00442,3.73,11436.4
outer,native,3,128,256,2.99513,3.43,11471.9
outer,native,4,128,256,2.24221,3.89,15324.1
outer,native,5,128,256,3.01893,3.49,11381.4
outer,native,6,128,256,3.04759,4.14,11274.4
outer,native,7,128,256,3.03886,3.86,11306.8
outer,native,8,128,256,2.34651,3.63,14642.9
outer,native,10,128,256,2.98742,3.75,11501.5
outer,native,12,128,256,2.26318,4.36,15182.1
outer,native,16,128,256,2.3358,4.7,14710.0
outer,native,20,128,256,2.27411,3.56,15109.1
outer,native,24,128,256,2.30159,4.21,14928.7
outer,native,32,128,256,2.24305,3.81,15318.3
outer,native,48,128,256,2.39575,4.59,14342.0
outer,native,64,128,256,2.3144,3.95,14846.0
outer,native,96,128,256,2.46714,4.04,13927.0
outer,native,128,128,256,2.55779,3.39,13433.4
outer,native,129,128,256,2.95728,4.3,11618.7
outer,native,130,128,256,2.93887,3.62,11691.5
outer,native,132,128,256,2.57627,4.24,13337.0
outer,native,192,128,256,2.42907,4.59,14145.2
outer,native,256,128,256,2.6044,3.83,13193.0
outer,native,384,128,256,2.74668,3.87,12509.5
outer,native,512,128,256,2.75349,3.73,12478.6
outer,vendor,0,128,256,1.261,3.06,27247.9
outer,vendor,1,128,256,1.269,3.39,27076.3
outer,vendor,2,128,256,1.27274,3.33,26996.7
outer,vendor,3,128,256,1.28278,3.08,26785.4
outer,vendor,4,128,256,1.28374,3.08,26765.4
outer,vendor,8,128,256,1.29503,3.15,26532.0
outer,vendor,16,128,256,1.33968,3.15,25647.7
outer,vendor,32,128,256,1.27247,3.1,27002.3
outer,vendor,64,128,256,1.30568,3.05,26315.6
outer,vendor,128,128,256,1.27392,3.08,26971.6
outer,vendor,129,128,256,1.48769,2.83,23096.1
outer,vendor,132,128,256,1.46731,2.94,23416.8
outer,vendor,256,128,256,1.28118,3.16,26818.9
outer,vendor,384,128,256,1.3191,3.03,26047.9
outer,vendor,512,128,256,1.30939,2.98,26241.0
