type,out_len,red_len,batch,kernel,metric,value
cdouble,2048,32,512,T,0.356,32
cdouble,2048,32,512,Kernel Name,Metric Name,Metric Value
cdouble,2048,32,512,Typeinfo name for unnamed>::GemvCtaTKernel<complex<double>>,dram__throughput.avg.pct_of_peak_sustained_elapsed,40.61
cdouble,2048,32,512,Typeinfo name for unnamed>::GemvCtaTKernel<complex<double>>,l1tex__average_t_sectors_per_request_pipe_lsu_mem_global_op_ld.ratio,16
cdouble,2048,32,512,Typeinfo name for unnamed>::GemvCtaTKernel<complex<double>>,,072
cdouble,2048,32,512,Typeinfo name for unnamed>::GemvCtaTKernel<complex<double>>,launch__registers_per_thread,40
cdouble,2048,32,512,Typeinfo name for unnamed>::GemvCtaTKernel<complex<double>>,launch__shared_mem_per_block_dynamic,0
cdouble,2048,32,512,Typeinfo name for unnamed>::GemvCtaTKernel<complex<double>>,launch__shared_mem_per_block_static,0
cdouble,2048,32,512,Typeinfo name for unnamed>::GemvCtaTKernel<complex<double>>,sm__pipe_fp64_cycles_active.avg.pct_of_peak_sustained_active,85.55
cdouble,2048,32,512,Typeinfo name for unnamed>::GemvCtaTKernel<complex<double>>,sm__warps_active.avg.pct_of_peak_sustained_active,93.30
cdouble,2048,32,512,Typeinfo name for unnamed>::GemvCtaTKernel<complex<double>>,24,248
cdouble,2048,32,512,Typeinfo name for unnamed>::GemvCtaTKernel<complex<double>>,33,432
cdouble,2048,64,512,T,0.592,64
cdouble,2048,64,512,Kernel Name,Metric Name,Metric Value
cdouble,2048,64,512,Typeinfo name for unnamed>::GemvCtaTKernel<complex<double>>,dram__throughput.avg.pct_of_peak_sustained_elapsed,66.09
cdouble,2048,64,512,Typeinfo name for unnamed>::GemvCtaTKernel<complex<double>>,l1tex__average_t_sectors_per_request_pipe_lsu_mem_global_op_ld.ratio,16
cdouble,2048,64,512,Typeinfo name for unnamed>::GemvCtaTKernel<complex<double>>,,072
cdouble,2048,64,512,Typeinfo name for unnamed>::GemvCtaTKernel<complex<double>>,launch__registers_per_thread,40
cdouble,2048,64,512,Typeinfo name for unnamed>::GemvCtaTKernel<complex<double>>,launch__shared_mem_per_block_dynamic,0
cdouble,2048,64,512,Typeinfo name for unnamed>::GemvCtaTKernel<complex<double>>,launch__shared_mem_per_block_static,0
cdouble,2048,64,512,Typeinfo name for unnamed>::GemvCtaTKernel<complex<double>>,sm__pipe_fp64_cycles_active.avg.pct_of_peak_sustained_active,86.11
cdouble,2048,64,512,Typeinfo name for unnamed>::GemvCtaTKernel<complex<double>>,sm__warps_active.avg.pct_of_peak_sustained_active,91.13
cdouble,2048,64,512,Typeinfo name for unnamed>::GemvCtaTKernel<complex<double>>,29,128
cdouble,2048,64,512,Typeinfo name for unnamed>::GemvCtaTKernel<complex<double>>,37,736
cdouble,2048,128,512,T,0.834,128
cdouble,2048,128,512,Kernel Name,Metric Name,Metric Value
cdouble,2048,128,512,Typeinfo name for unnamed>::GemvCtaTKernel<complex<double>>,dram__throughput.avg.pct_of_peak_sustained_elapsed,95.08
cdouble,2048,128,512,Typeinfo name for unnamed>::GemvCtaTKernel<complex<double>>,l1tex__average_t_sectors_per_request_pipe_lsu_mem_global_op_ld.ratio,16
cdouble,2048,128,512,Typeinfo name for unnamed>::GemvCtaTKernel<complex<double>>,,072
cdouble,2048,128,512,Typeinfo name for unnamed>::GemvCtaTKernel<complex<double>>,launch__registers_per_thread,40
cdouble,2048,128,512,Typeinfo name for unnamed>::GemvCtaTKernel<complex<double>>,launch__shared_mem_per_block_dynamic,0
cdouble,2048,128,512,Typeinfo name for unnamed>::GemvCtaTKernel<complex<double>>,launch__shared_mem_per_block_static,0
cdouble,2048,128,512,Typeinfo name for unnamed>::GemvCtaTKernel<complex<double>>,sm__pipe_fp64_cycles_active.avg.pct_of_peak_sustained_active,84.69
cdouble,2048,128,512,Typeinfo name for unnamed>::GemvCtaTKernel<complex<double>>,sm__warps_active.avg.pct_of_peak_sustained_active,83.51
cdouble,2048,128,512,Typeinfo name for unnamed>::GemvCtaTKernel<complex<double>>,39,888
cdouble,2048,128,512,Typeinfo name for unnamed>::GemvCtaTKernel<complex<double>>,46,344
double,2048,32,512,T,0.358,32
double,2048,32,512,Kernel Name,Metric Name,Metric Value
double,2048,32,512,Typeinfo name for unnamed>::GemvCtaTKernel<double>,dram__throughput.avg.pct_of_peak_sustained_elapsed,50.61
double,2048,32,512,Typeinfo name for unnamed>::GemvCtaTKernel<double>,l1tex__average_t_sectors_per_request_pipe_lsu_mem_global_op_ld.ratio,8
double,2048,32,512,Typeinfo name for unnamed>::GemvCtaTKernel<double>,,072
double,2048,32,512,Typeinfo name for unnamed>::GemvCtaTKernel<double>,launch__registers_per_thread,36
double,2048,32,512,Typeinfo name for unnamed>::GemvCtaTKernel<double>,launch__shared_mem_per_block_dynamic,0
double,2048,32,512,Typeinfo name for unnamed>::GemvCtaTKernel<double>,launch__shared_mem_per_block_static,0
double,2048,32,512,Typeinfo name for unnamed>::GemvCtaTKernel<double>,sm__pipe_fp64_cycles_active.avg.pct_of_peak_sustained_active,85.01
double,2048,32,512,Typeinfo name for unnamed>::GemvCtaTKernel<double>,sm__warps_active.avg.pct_of_peak_sustained_active,91.74
double,2048,32,512,Typeinfo name for unnamed>::GemvCtaTKernel<double>,9,184
double,2048,32,512,Typeinfo name for unnamed>::GemvCtaTKernel<double>,22,096
double,2048,64,512,T,0.519,64
double,2048,64,512,Kernel Name,Metric Name,Metric Value
double,2048,64,512,Typeinfo name for unnamed>::GemvCtaTKernel<double>,dram__throughput.avg.pct_of_peak_sustained_elapsed,95.78
double,2048,64,512,Typeinfo name for unnamed>::GemvCtaTKernel<double>,l1tex__average_t_sectors_per_request_pipe_lsu_mem_global_op_ld.ratio,8
double,2048,64,512,Typeinfo name for unnamed>::GemvCtaTKernel<double>,,072
double,2048,64,512,Typeinfo name for unnamed>::GemvCtaTKernel<double>,launch__registers_per_thread,36
double,2048,64,512,Typeinfo name for unnamed>::GemvCtaTKernel<double>,launch__shared_mem_per_block_dynamic,0
double,2048,64,512,Typeinfo name for unnamed>::GemvCtaTKernel<double>,launch__shared_mem_per_block_static,0
double,2048,64,512,Typeinfo name for unnamed>::GemvCtaTKernel<double>,sm__pipe_fp64_cycles_active.avg.pct_of_peak_sustained_active,82.74
double,2048,64,512,Typeinfo name for unnamed>::GemvCtaTKernel<double>,sm__warps_active.avg.pct_of_peak_sustained_active,86.88
double,2048,64,512,Typeinfo name for unnamed>::GemvCtaTKernel<double>,9,184
double,2048,64,512,Typeinfo name for unnamed>::GemvCtaTKernel<double>,22,096
double,2048,128,512,T,0.801,128
double,2048,128,512,Kernel Name,Metric Name,Metric Value
double,2048,128,512,Typeinfo name for unnamed>::GemvCtaTKernel<double>,dram__throughput.avg.pct_of_peak_sustained_elapsed,95.39
double,2048,128,512,Typeinfo name for unnamed>::GemvCtaTKernel<double>,l1tex__average_t_sectors_per_request_pipe_lsu_mem_global_op_ld.ratio,8
double,2048,128,512,Typeinfo name for unnamed>::GemvCtaTKernel<double>,,072
double,2048,128,512,Typeinfo name for unnamed>::GemvCtaTKernel<double>,launch__registers_per_thread,36
double,2048,128,512,Typeinfo name for unnamed>::GemvCtaTKernel<double>,launch__shared_mem_per_block_dynamic,0
double,2048,128,512,Typeinfo name for unnamed>::GemvCtaTKernel<double>,launch__shared_mem_per_block_static,0
double,2048,128,512,Typeinfo name for unnamed>::GemvCtaTKernel<double>,sm__pipe_fp64_cycles_active.avg.pct_of_peak_sustained_active,58.33
double,2048,128,512,Typeinfo name for unnamed>::GemvCtaTKernel<double>,sm__warps_active.avg.pct_of_peak_sustained_active,79.41
double,2048,128,512,Typeinfo name for unnamed>::GemvCtaTKernel<double>,13,488
double,2048,128,512,Typeinfo name for unnamed>::GemvCtaTKernel<double>,30,704
cfloat,2048,32,512,T,0.519,32
cfloat,2048,32,512,Kernel Name,Metric Name,Metric Value
cfloat,2048,32,512,Typeinfo name for unnamed>::GemvCtaTKernel<complex<float>>,dram__throughput.avg.pct_of_peak_sustained_elapsed,95.30
cfloat,2048,32,512,Typeinfo name for unnamed>::GemvCtaTKernel<complex<float>>,l1tex__average_t_sectors_per_request_pipe_lsu_mem_global_op_ld.ratio,8
cfloat,2048,32,512,Typeinfo name for unnamed>::GemvCtaTKernel<complex<float>>,,072
cfloat,2048,32,512,Typeinfo name for unnamed>::GemvCtaTKernel<complex<float>>,launch__registers_per_thread,38
cfloat,2048,32,512,Typeinfo name for unnamed>::GemvCtaTKernel<complex<float>>,launch__shared_mem_per_block_dynamic,0
cfloat,2048,32,512,Typeinfo name for unnamed>::GemvCtaTKernel<complex<float>>,launch__shared_mem_per_block_static,0
cfloat,2048,32,512,Typeinfo name for unnamed>::GemvCtaTKernel<complex<float>>,sm__pipe_fp64_cycles_active.avg.pct_of_peak_sustained_active,0
cfloat,2048,32,512,Typeinfo name for unnamed>::GemvCtaTKernel<complex<float>>,sm__warps_active.avg.pct_of_peak_sustained_active,85.93
cfloat,2048,32,512,Typeinfo name for unnamed>::GemvCtaTKernel<complex<float>>,smsp__inst_executed_pipe_fp64.sum,0
cfloat,2048,32,512,Typeinfo name for unnamed>::GemvCtaTKernel<complex<float>>,23,672
cfloat,2048,64,512,T,0.693,64
cfloat,2048,64,512,Kernel Name,Metric Name,Metric Value
cfloat,2048,64,512,Typeinfo name for unnamed>::GemvCtaTKernel<complex<float>>,dram__throughput.avg.pct_of_peak_sustained_elapsed,95.15
cfloat,2048,64,512,Typeinfo name for unnamed>::GemvCtaTKernel<complex<float>>,l1tex__average_t_sectors_per_request_pipe_lsu_mem_global_op_ld.ratio,8
cfloat,2048,64,512,Typeinfo name for unnamed>::GemvCtaTKernel<complex<float>>,,072
cfloat,2048,64,512,Typeinfo name for unnamed>::GemvCtaTKernel<complex<float>>,launch__registers_per_thread,38
cfloat,2048,64,512,Typeinfo name for unnamed>::GemvCtaTKernel<complex<float>>,launch__shared_mem_per_block_dynamic,0
cfloat,2048,64,512,Typeinfo name for unnamed>::GemvCtaTKernel<complex<float>>,launch__shared_mem_per_block_static,0
cfloat,2048,64,512,Typeinfo name for unnamed>::GemvCtaTKernel<complex<float>>,sm__pipe_fp64_cycles_active.avg.pct_of_peak_sustained_active,0
cfloat,2048,64,512,Typeinfo name for unnamed>::GemvCtaTKernel<complex<float>>,sm__warps_active.avg.pct_of_peak_sustained_active,82.30
cfloat,2048,64,512,Typeinfo name for unnamed>::GemvCtaTKernel<complex<float>>,smsp__inst_executed_pipe_fp64.sum,0
cfloat,2048,64,512,Typeinfo name for unnamed>::GemvCtaTKernel<complex<float>>,27,976
cfloat,2048,128,512,T,0.799,128
cfloat,2048,128,512,Kernel Name,Metric Name,Metric Value
cfloat,2048,128,512,Typeinfo name for unnamed>::GemvCtaTKernel<complex<float>>,dram__throughput.avg.pct_of_peak_sustained_elapsed,95.27
cfloat,2048,128,512,Typeinfo name for unnamed>::GemvCtaTKernel<complex<float>>,l1tex__average_t_sectors_per_request_pipe_lsu_mem_global_op_ld.ratio,8
cfloat,2048,128,512,Typeinfo name for unnamed>::GemvCtaTKernel<complex<float>>,,072
cfloat,2048,128,512,Typeinfo name for unnamed>::GemvCtaTKernel<complex<float>>,launch__registers_per_thread,38
cfloat,2048,128,512,Typeinfo name for unnamed>::GemvCtaTKernel<complex<float>>,launch__shared_mem_per_block_dynamic,0
cfloat,2048,128,512,Typeinfo name for unnamed>::GemvCtaTKernel<complex<float>>,launch__shared_mem_per_block_static,0
cfloat,2048,128,512,Typeinfo name for unnamed>::GemvCtaTKernel<complex<float>>,sm__pipe_fp64_cycles_active.avg.pct_of_peak_sustained_active,0
cfloat,2048,128,512,Typeinfo name for unnamed>::GemvCtaTKernel<complex<float>>,sm__warps_active.avg.pct_of_peak_sustained_active,82.03
cfloat,2048,128,512,Typeinfo name for unnamed>::GemvCtaTKernel<complex<float>>,smsp__inst_executed_pipe_fp64.sum,0
cfloat,2048,128,512,Typeinfo name for unnamed>::GemvCtaTKernel<complex<float>>,35,584
float,2048,32,512,T,0.380,32
float,2048,32,512,Kernel Name,Metric Name,Metric Value
float,2048,32,512,Typeinfo name for unnamed>::GemvCtaTKernel<float>,dram__throughput.avg.pct_of_peak_sustained_elapsed,79.09
float,2048,32,512,Typeinfo name for unnamed>::GemvCtaTKernel<float>,l1tex__average_t_sectors_per_request_pipe_lsu_mem_global_op_ld.ratio,4
float,2048,32,512,Typeinfo name for unnamed>::GemvCtaTKernel<float>,,072
float,2048,32,512,Typeinfo name for unnamed>::GemvCtaTKernel<float>,launch__registers_per_thread,28
float,2048,32,512,Typeinfo name for unnamed>::GemvCtaTKernel<float>,launch__shared_mem_per_block_dynamic,0
float,2048,32,512,Typeinfo name for unnamed>::GemvCtaTKernel<float>,launch__shared_mem_per_block_static,0
float,2048,32,512,Typeinfo name for unnamed>::GemvCtaTKernel<float>,sm__pipe_fp64_cycles_active.avg.pct_of_peak_sustained_active,0
float,2048,32,512,Typeinfo name for unnamed>::GemvCtaTKernel<float>,sm__warps_active.avg.pct_of_peak_sustained_active,81.43
float,2048,32,512,Typeinfo name for unnamed>::GemvCtaTKernel<float>,smsp__inst_executed_pipe_fp64.sum,0
float,2048,32,512,Typeinfo name for unnamed>::GemvCtaTKernel<float>,16,216
float,2048,64,512,T,0.529,64
float,2048,64,512,Kernel Name,Metric Name,Metric Value
float,2048,64,512,Typeinfo name for unnamed>::GemvCtaTKernel<float>,dram__throughput.avg.pct_of_peak_sustained_elapsed,95.59
float,2048,64,512,Typeinfo name for unnamed>::GemvCtaTKernel<float>,l1tex__average_t_sectors_per_request_pipe_lsu_mem_global_op_ld.ratio,4
float,2048,64,512,Typeinfo name for unnamed>::GemvCtaTKernel<float>,,072
float,2048,64,512,Typeinfo name for unnamed>::GemvCtaTKernel<float>,launch__registers_per_thread,28
float,2048,64,512,Typeinfo name for unnamed>::GemvCtaTKernel<float>,launch__shared_mem_per_block_dynamic,0
float,2048,64,512,Typeinfo name for unnamed>::GemvCtaTKernel<float>,launch__shared_mem_per_block_static,0
float,2048,64,512,Typeinfo name for unnamed>::GemvCtaTKernel<float>,sm__pipe_fp64_cycles_active.avg.pct_of_peak_sustained_active,0
float,2048,64,512,Typeinfo name for unnamed>::GemvCtaTKernel<float>,sm__warps_active.avg.pct_of_peak_sustained_active,85.02
float,2048,64,512,Typeinfo name for unnamed>::GemvCtaTKernel<float>,smsp__inst_executed_pipe_fp64.sum,0
float,2048,64,512,Typeinfo name for unnamed>::GemvCtaTKernel<float>,16,216
float,2048,128,512,T,0.711,128
float,2048,128,512,Kernel Name,Metric Name,Metric Value
float,2048,128,512,Typeinfo name for unnamed>::GemvCtaTKernel<float>,dram__throughput.avg.pct_of_peak_sustained_elapsed,95.63
float,2048,128,512,Typeinfo name for unnamed>::GemvCtaTKernel<float>,l1tex__average_t_sectors_per_request_pipe_lsu_mem_global_op_ld.ratio,4
float,2048,128,512,Typeinfo name for unnamed>::GemvCtaTKernel<float>,,072
float,2048,128,512,Typeinfo name for unnamed>::GemvCtaTKernel<float>,launch__registers_per_thread,28
float,2048,128,512,Typeinfo name for unnamed>::GemvCtaTKernel<float>,launch__shared_mem_per_block_dynamic,0
float,2048,128,512,Typeinfo name for unnamed>::GemvCtaTKernel<float>,launch__shared_mem_per_block_static,0
float,2048,128,512,Typeinfo name for unnamed>::GemvCtaTKernel<float>,sm__pipe_fp64_cycles_active.avg.pct_of_peak_sustained_active,0
float,2048,128,512,Typeinfo name for unnamed>::GemvCtaTKernel<float>,sm__warps_active.avg.pct_of_peak_sustained_active,79.91
float,2048,128,512,Typeinfo name for unnamed>::GemvCtaTKernel<float>,smsp__inst_executed_pipe_fp64.sum,0
float,2048,128,512,Typeinfo name for unnamed>::GemvCtaTKernel<float>,25,824
