typ,tag,transA,m,nnzrow,nrhs,batch,transB,beta,pattern,t_vendor,t_native,ratio,relsd,sd_v,sd_n,chk_v,chk_n,agree,gbs_v,gbs_n,roof_v,roof_n,fp_mb,l2res
cdouble,sbB,0,4096,16,50,1,0,0,1,0.123849,0.0824399,0.6656484913079637,0.003704026677647781,0.003704026677647781,0.00149702995758122,2531830.0,2531830.0,True,63.6318,95.5934,0.06312678571428572,0.09483472222222222,7.880708,True
cdouble,sbB,0,4096,16,50,2,0,0,1,0.224908,0.189958,0.8446031266117701,0.0011309605281167416,0.0009851228057694702,0.0011309605281167416,2531830.0,2531830.0,True,70.0795,82.973,0.06952331349206349,0.08231448412698412,15.761416,True
cdouble,sbB,0,4096,16,50,4,0,0,1,0.433123,0.323312,0.7464669389526762,0.0033973684861681596,0.00031328744952357644,0.0033973684861681596,2531830.0,2531830.0,True,72.7804,97.4997,0.07220277777777778,0.09672589285714286,31.522832,True
cdouble,sbB,0,4096,16,50,8,0,0,1,0.85097,0.614871,0.7225530864777842,0.0027155777390704718,0.0003998578093234779,0.0027155777390704718,2531830.0,2531830.0,True,74.0869,102.535,0.07349890873015873,0.10172123015873015,63.045664,True
cdouble,sbB,0,4096,16,50,16,0,0,1,1.6966,1.19621,0.7050630673110927,0.003891055918275219,0.0003477991276670989,0.003891055918275219,2531830.0,2531830.0,True,74.3198,105.409,0.07372996031746032,0.10457242063492064,126.091328,False
cdouble,sbB,0,4096,16,50,32,0,0,1,3.4142,2.35887,0.6908997715423818,0.0018861615943227055,0.0003294827485208833,0.0018861615943227055,2531830.0,2531830.0,True,73.8628,106.908,0.0732765873015873,0.10605952380952381,252.182656,False
cdouble,sbB,0,4096,16,50,64,0,0,1,6.82265,4.67928,0.6858449429473885,0.0011783351284813048,0.000257256344675456,0.0011783351284813048,2531830.0,2531830.0,True,73.9251,107.787,0.07333839285714286,0.10693154761904762,504.365312,False
cdouble,sbB,0,4096,16,50,128,0,0,1,13.6411,9.32508,0.6836017623212204,0.0005417454863658007,0.0002340185175682313,0.0005417454863658007,2531830.0,2531830.0,True,73.9477,108.174,0.07336081349206348,0.1073154761904762,1008.730624,False
cdouble,sbL,0,1024,3,2,1,0,0,0,0.015805,0.00297237,0.18806516925023725,0.0843751977222398,0.0843751977222398,0.027580886632552478,1907.93,1907.93,True,8.29332,44.0981,0.0082275,0.04374811507936508,0.131076,True
cdouble,sbL,0,1024,3,2,1,0,0,1,0.0176722,0.00484563,0.2741950634329625,0.0016502359638301965,0.0016502359638301965,0.0010310568491609965,4985.47,4985.47,True,7.41707,27.0504,0.007358204365079365,0.026835714285714286,0.131076,True
cdouble,sbL,0,1024,3,2,1,0,1,0,0.0146808,0.00292729,0.1993958094926707,0.026492084900005448,0.026492084900005448,0.009422025149541043,64724600.0,412594000.0,True,11.1604,55.9712,0.011071825396825396,0.05552698412698413,0.131076,True
cdouble,sbL,0,1024,3,2,1,0,1,1,0.0166298,0.00508292,0.3056513006770978,0.0017052760706683183,0.0017052760706683183,0.0006660561252193621,175229000.0,860392000.0,True,9.85245,32.2342,0.009774255952380951,0.031978373015873016,0.131076,True
cdouble,sbL,0,1024,3,2,2,0,0,0,0.0178895,0.00292079,0.16326839766343387,0.03807876128455239,0.03807876128455239,0.01703083754737588,1907.93,1907.93,True,14.654,89.7537,0.014537698412698412,0.08904136904761904,0.262152,True
cdouble,sbL,0,1024,3,2,2,0,0,1,0.0166235,0.00486715,0.29278731915661566,0.050883267663247814,0.050883267663247814,0.000276473911837523,4985.47,4985.47,True,15.77,53.8615,0.01564484126984127,0.053434027777777775,0.262152,True
cdouble,sbL,0,1024,3,2,2,0,1,0,0.0173536,0.00296451,0.17082968375437949,0.05851177853586575,0.05851177853586575,0.011155570397806045,63503500.0,411449000.0,True,18.883,110.537,0.01873313492063492,0.10965972222222223,0.262152,True
cdouble,sbL,0,1024,3,2,2,0,1,1,0.0160609,0.00499436,0.3109638936796817,0.033171304223300065,0.033171304223300065,0.0004228589849350067,171560000.0,863743000.0,True,20.4028,65.6115,0.020240873015873014,0.06509077380952381,0.262152,True
cdouble,sbL,0,1024,3,2,4,0,0,0,0.0168641,0.00292054,0.17318089906962128,0.01826110924692009,0.0015032880497625133,0.01826110924692009,1907.93,1907.93,True,31.09,179.523,0.030843253968253968,0.1780982142857143,0.524304,True
cdouble,sbL,0,1024,3,2,4,0,0,1,0.0171677,0.00488717,0.28467237894418,0.0012525673211903749,0.0012525673211903749,0.00027594702046378585,4985.47,4985.47,True,30.5402,107.282,0.03029781746031746,0.10643055555555556,0.524304,True
cdouble,sbL,0,1024,3,2,4,0,1,0,0.0183801,0.00293464,0.15966398441793025,0.05390797656160738,0.05390797656160738,0.011161948313932883,62847200.0,413082000.0,True,35.6568,223.324,0.03537380952380952,0.2215515873015873,0.524304,True
cdouble,sbL,0,1024,3,2,4,0,1,1,0.0184277,0.00501123,0.27194006848385854,0.04338957113475908,0.04338957113475908,0.0007368290818820928,157481000.0,856484000.0,True,35.5648,130.781,0.03528253968253968,0.12974305555555557,0.524304,True
cdouble,sbL,0,1024,3,2,8,0,0,0,0.0209286,0.00369346,0.17647907647907649,0.10899617161144293,0.0021615444893590594,0.10899617161144293,1907.93,1907.93,True,50.1041,283.909,0.04970644841269842,0.281655753968254,1.048608,True
cdouble,sbL,0,1024,3,2,8,0,0,1,0.0205273,0.00505637,0.24632416343113808,0.07949900863727817,0.07949900863727817,0.016327127959385884,4985.47,4985.47,True,51.0837,207.384,0.05067827380952381,0.20573809523809522,1.048608,True
cdouble,sbL,0,1024,3,2,8,0,1,0,0.0198901,0.00306626,0.1541601098033695,0.08928010018719874,0.04771670328454859,0.08928010018719874,62999800.0,362957000.0,True,65.8996,427.476,0.06537658730158731,0.4240833333333333,1.048608,True
cdouble,sbL,0,1024,3,2,8,0,1,1,0.0167579,0.00527296,0.3146551775580473,0.07986178541085083,0.0029510320505552606,0.07986178541085083,166415000.0,843601000.0,True,78.217,248.58,0.07759623015873016,0.24660714285714286,1.048608,True
cdouble,sbL,0,1024,3,2,16,0,0,0,0.0219805,0.00329907,0.15009076226655443,0.037905143195104754,0.037905143195104754,0.0034471836002267307,1907.93,1907.93,True,95.4125,635.699,0.09465525793650793,0.6306537698412698,2.097216,True
cdouble,sbL,0,1024,3,2,16,0,0,1,0.025719,0.00560855,0.21807029822310356,0.021815977391660947,0.016380574672421166,0.021815977391660947,4985.47,4985.47,True,81.5434,373.932,0.08089623015873017,0.37096428571428575,2.097216,True
cdouble,sbL,0,1024,3,2,16,0,1,0,0.0222623,0.00400681,0.17998185272860398,0.1014812282089742,0.0736154844737516,0.1014812282089742,49980100.0,363247000.0,True,117.755,654.263,0.1168204365079365,0.6490704365079365,2.097216,True
cdouble,sbL,0,1024,3,2,16,0,1,1,0.0207572,0.00572346,0.2757337213111595,0.01729219737711105,0.0011985961497697185,0.01729219737711105,145715000.0,815284000.0,True,126.293,458.028,0.1252906746031746,0.45439285714285715,2.097216,True
cdouble,sbL,0,1024,3,2,32,0,0,0,0.0281861,0.00474161,0.16822511805464396,0.04479955120729035,0.0011708253358925144,0.04479955120729035,1907.93,1907.93,True,148.812,884.601,0.1476309523809524,0.8775803571428571,4.194432,True
cdouble,sbL,0,1024,3,2,32,0,0,1,0.0281445,0.00798779,0.28381353372772655,0.0009309918456536802,0.0009309918456536802,0.0003172742398085078,4985.47,4985.47,True,149.032,525.105,0.14784920634920637,0.5209375,4.194432,True
cdouble,sbL,0,1024,3,2,32,0,1,0,0.0267604,0.00492057,0.18387505418454134,0.0023749687536200074,0.0008219869658151596,0.0023749687536200074,47553200.0,330858000.0,True,195.924,1065.53,0.19436904761904764,1.0570734126984127,4.194432,True
cdouble,sbL,0,1024,3,2,32,0,1,1,0.0267303,0.00802379,0.3001758304246492,0.001060553005390886,0.001060553005390886,0.00024491294014424605,124258000.0,737192000.0,True,196.145,653.432,0.19458829365079366,0.6482460317460318,4.194432,True
cdouble,sbL,0,1024,3,2,64,0,0,0,0.0373081,0.00740387,0.19845207877109797,0.0018269364535033706,0.0010793071745813913,0.0018269364535033706,1907.93,1907.93,True,224.854,1133.04,0.22306944444444446,1.124047619047619,8.388864,True
cdouble,sbL,0,1024,3,2,64,0,0,1,0.0374378,0.0124608,0.33284007073065186,0.000968449000742565,0.000968449000742565,0.0006376163649203904,4985.47,4985.47,True,224.074,673.223,0.22229563492063492,0.6678799603174602,8.388864,True
cdouble,sbL,0,1024,3,2,64,0,1,0,0.03602,0.00749279,0.20801749028317598,0.0007920488617434758,0.0007920488617434758,0.0002272771557724159,40348900.0,287952000.0,True,291.117,1399.48,0.2888065476190476,1.3883730158730159,8.388864,True
cdouble,sbL,0,1024,3,2,64,0,1,1,0.0361057,0.0125427,0.34738836250231964,0.0009684454255145309,0.0009684454255145309,0.0006483285098104873,104954000.0,203427000.0,True,290.426,836.026,0.2881210317460317,0.829390873015873,8.388864,True
cdouble,sbL,0,1024,3,2,128,0,0,0,0.057189,0.0128156,0.22409204567311897,0.0005800748395670496,0.0005800748395670496,0.0004419605792939854,1907.93,1907.93,True,293.373,1309.17,0.2910446428571428,1.298779761904762,16.777728,True
cdouble,sbL,0,1024,3,2,128,0,0,1,0.0575162,0.0218616,0.3800946515938118,0.0007161321505940935,0.0007161321505940935,0.0003217971237237897,4985.47,4985.47,True,291.705,767.451,0.28938988095238094,0.761360119047619,16.777728,True
cdouble,sbL,0,1024,3,2,128,0,1,0,0.0562481,0.0129139,0.229588199423625,0.0005912075252319633,0.0005912075252319633,0.0005631521074191375,32778200.0,76218000.0,True,372.849,1623.99,0.36988988095238096,1.6111011904761905,16.777728,True
cdouble,sbL,0,1024,3,2,128,0,1,1,0.0565278,0.0219303,0.3879560145627461,0.0011896571244591155,0.0011896571244591155,0.0003494115447577097,85451000.0,139374000.0,True,371.004,956.302,0.36805952380952384,0.9487123015873016,16.777728,True
cdouble,sbM,0,1024,16,12,1,0,0,1,0.0263037,0.0172054,0.6541056961568145,0.006715275436781476,0.0006939936206693355,0.006715275436781476,152420.0,152420.0,True,27.5625,42.1376,0.02734375,0.0418031746031746,0.724996,True
cdouble,sbM,0,1024,16,12,2,0,0,1,0.0273753,0.0184465,0.6738373643393862,0.0018929010923481417,0.0008234722541853423,0.0018929010923481417,152420.0,152420.0,True,52.9672,78.6052,0.0525468253968254,0.07798134920634921,1.449992,True
cdouble,sbM,0,1024,16,12,4,0,0,1,0.0405256,0.0198111,0.48885395897901573,0.007566869078445921,0.0005232470339735871,0.007566869078445921,152420.0,152420.0,True,71.5593,146.382,0.07099136904761905,0.1452202380952381,2.899984,True
cdouble,sbM,0,1024,16,12,8,0,0,1,0.0661717,0.0304321,0.4598959978359329,0.001587787237817962,0.00030973966212142053,0.001587787237817962,152420.0,152420.0,True,87.6503,190.587,0.0869546626984127,0.18907440476190476,5.799968,True
cdouble,sbM,0,1024,16,12,16,0,0,1,0.118683,0.0591774,0.49861732514344936,0.0007314198326634818,0.0007314198326634818,0.00046444419660208124,152420.0,152420.0,True,97.7388,196.02,0.09696309523809524,0.19446428571428573,11.599936,True
cdouble,sbM,0,1024,16,12,32,0,0,1,0.22358,0.132476,0.592521692459075,0.0017193302937890634,0.0005111548439037481,0.0017193302937890634,152420.0,152420.0,True,103.765,175.125,0.10294146825396826,0.17373511904761904,23.199872,True
cdouble,sbM,0,1024,16,12,64,0,0,1,0.433436,0.215169,0.49642623132365565,0.003945275574083628,0.00022685010013012304,0.003945275574083628,152420.0,152420.0,True,107.051,215.643,0.10620138888888889,0.21393154761904762,46.399744,True
cdouble,sbM,0,1024,16,12,128,0,0,1,0.85385,0.425667,0.49852667330327344,0.0030540070054761114,0.0023571704631961117,0.0030540070054761114,152420.0,152420.0,True,108.684,218.01,0.10782142857142857,0.2162797619047619,92.799488,False
cdouble,sbS,0,2048,16,25,1,0,0,1,0.0431027,0.0228709,0.5306140914606278,0.006290418001656509,0.006290418001656509,0.0014076752554556225,636766.0,636766.0,True,53.4063,100.65,0.052982440476190475,0.09985119047619048,2.301956,True
cdouble,sbS,0,2048,16,25,2,0,0,1,0.0719219,0.0372127,0.5174042954927498,0.022483833157911567,0.022483833157911567,0.0006485957750982863,636766.0,636766.0,True,64.0126,123.719,0.0635045634920635,0.12273710317460317,4.603912,True
cdouble,sbS,0,2048,16,25,4,0,0,1,0.122394,0.0780874,0.6380002287693841,0.0007091001192868931,0.0007091001192868931,0.000467902632178815,636766.0,636766.0,True,75.2312,117.917,0.07463412698412698,0.11698115079365079,9.207824,True
cdouble,sbS,0,2048,16,25,8,0,0,1,0.228802,0.169228,0.7396264018671165,0.0012626042971612265,0.00040783559584269365,0.0012626042971612265,636766.0,636766.0,True,80.4872,108.821,0.0798484126984127,0.10795734126984127,18.415648,True
cdouble,sbS,0,2048,16,25,16,0,0,1,0.447442,0.287578,0.6427157039348117,0.006852620004380456,0.006852620004380456,0.0032236958320872944,636766.0,636766.0,True,82.3152,128.074,0.08166190476190477,0.1270575396825397,36.831296,True
cdouble,sbS,0,2048,16,25,32,0,0,1,0.869436,0.54038,0.6215293592627864,0.0023599874162626303,0.0006818040660842201,0.0023599874162626303,636766.0,636766.0,True,84.7245,136.316,0.08405208333333333,0.13523412698412698,73.662592,True
cdouble,sbS,0,2048,16,25,64,0,0,1,1.7588,1.04278,0.5928928815101205,0.007586934273368207,0.007586934273368207,0.004069180459924432,636766.0,636766.0,True,83.7647,141.282,0.0830999007936508,0.1401607142857143,147.325184,False
cdouble,sbS,0,2048,16,25,128,0,0,1,3.5155,2.04259,0.5810240364101835,0.0023421293553772416,0.0016231290001422274,0.0023421293553772416,636766.0,636766.0,True,83.8147,144.253,0.08314950396825398,0.1431081349206349,294.650368,False
cdouble,sbT,0,2048,16,25,1,1,0,0,0.0386756,0.0129584,0.3350536255416852,0.001416463452278059,0.0012917007105254993,0.001416463452278059,108964.0,108964.0,True,59.5195,177.642,0.05904712301587302,0.17623214285714286,2.301956,True
cdouble,sbT,0,2048,16,25,2,1,0,0,0.0659376,0.0188103,0.2852742592997015,0.01044432918395574,0.01044432918395574,0.0007032211075846744,108964.0,108964.0,True,69.8222,244.755,0.06926805555555555,0.2428125,4.603912,True
cdouble,sbT,0,2048,16,25,4,1,0,0,0.119361,0.0497569,0.41686061611414116,0.0011705666004808942,0.0011705666004808942,0.0006603204781648374,108964.0,108964.0,True,77.1424,185.056,0.07653015873015873,0.1835873015873016,9.207824,True
cdouble,sbT,0,2048,16,25,8,1,0,0,0.219344,0.147284,0.6714749434677948,0.0008557277097308602,0.0007683045809322343,0.0008557277097308602,108964.0,108964.0,True,83.9578,125.035,0.08329146825396826,0.12404265873015873,18.415648,True
cdouble,sbT,0,2048,16,25,16,1,0,0,0.420757,0.279053,0.663216535910276,0.0013308547121872907,0.0010868957616866743,0.0013308547121872907,108964.0,108964.0,True,87.5358,131.987,0.08684107142857142,0.1309394841269841,36.831296,True
cdouble,sbT,0,2048,16,25,32,1,0,0,0.817258,0.550709,0.6738496288809653,0.006193674457759973,0.006193674457759973,0.00169684533937161,108964.0,108964.0,True,90.1339,133.76,0.08941855158730158,0.13269841269841268,73.662592,True
cdouble,sbT,0,2048,16,25,64,1,0,0,1.63516,1.09883,0.6720015166711515,0.006034687736979868,0.006034687736979868,0.002696950392690407,108964.0,108964.0,True,90.0981,134.075,0.08938303571428571,0.1330109126984127,147.325184,False
cdouble,sbT,0,2048,16,25,128,1,0,0,3.27888,2.17436,0.6631410725613625,0.004534292197335675,0.004534292197335675,0.0015593370003127356,108964.0,108964.0,True,89.863,135.512,0.08914980158730158,0.13443650793650794,294.650368,False
cfloat,sbB,0,4096,16,50,1,0,0,1,0.0581705,0.0493533,0.8484248889041697,0.002195496552408856,0.00067597493574922,0.002195496552408856,2531830.0,2531830.0,True,70.1321,82.6615,0.06957549603174602,0.08200545634920635,4.07962,True
cfloat,sbB,0,4096,16,50,2,0,0,1,0.0975349,0.0917375,0.940560763378032,0.0018894980155821147,0.0018894980155821147,0.00022496906935549804,2531830.0,2531830.0,True,83.6546,88.9412,0.08299067460317461,0.08823531746031746,8.15924,True
cfloat,sbB,0,4096,16,50,4,0,0,1,0.173429,0.186891,1.0776225429426451,0.010823742181271436,0.006993986011566693,0.010823742181271436,2531830.0,2531830.0,True,94.0934,87.3156,0.09334662698412699,0.08662261904761905,16.31848,True
cfloat,sbB,0,4096,16,50,8,0,0,1,0.332396,0.314814,0.9471052599910948,0.0038555782144377316,0.00038401785821730707,0.0038555782144377316,2531830.0,2531830.0,True,98.1868,103.671,0.09740753968253969,0.10284821428571429,32.63696,True
cfloat,sbB,0,4096,16,50,16,0,0,1,0.652117,0.630023,0.9661195767017269,0.0019680075171858804,0.000336430425828494,0.0019680075171858804,2531830.0,2531830.0,True,100.095,103.606,0.09930059523809524,0.10278373015873016,65.27392,True
cfloat,sbB,0,4096,16,50,32,0,0,1,1.29622,1.26817,0.9783601549119749,0.0023862258214592683,0.0020235531005539185,0.0023862258214592683,2531830.0,2531830.0,True,100.714,102.942,0.09991468253968254,0.102125,130.54784,False
cfloat,sbB,0,4096,16,50,64,0,0,1,2.61477,2.52919,0.9672705438719275,0.0014647456300238418,0.00041126753022254343,0.0014647456300238418,2531830.0,2531830.0,True,99.8543,103.233,0.09906180555555555,0.10241369047619048,261.09568,False
cfloat,sbB,0,4096,16,50,128,0,0,1,5.28188,5.06685,0.959289116753883,0.006014249484393657,0.002824051284769817,0.006014249484393657,2531830.0,2531830.0,True,98.8647,103.06,0.09808005952380952,0.1022420634920635,522.19136,False
cfloat,sbL,0,1024,3,2,1,0,0,0,0.0141297,0.0039075,0.2765451495785473,0.017713090211132435,0.006205418374063143,0.017713090211132435,1907.93,1907.93,True,5.21822,18.8694,0.005176805555555555,0.018719642857142855,0.073732,True
cfloat,sbL,0,1024,3,2,1,0,0,1,0.013961,0.00389855,0.279245756034668,0.02062897744033038,0.0016325907886254566,0.02062897744033038,4985.47,4985.47,True,5.28127,18.9127,0.005239355158730159,0.018762599206349206,0.073732,True
cfloat,sbL,0,1024,3,2,1,0,1,0,0.0129512,0.00296058,0.22859503366483416,0.04768592640631228,0.002667389894372722,0.04768592640631228,76966500.0,397125000.0,True,6.9581,30.4386,0.006902876984126984,0.03019702380952381,0.073732,True
cfloat,sbL,0,1024,3,2,1,0,1,1,0.013036,0.00300079,0.23019254372506903,0.013534902475681402,0.001458507210800859,0.013534902475681402,199841000.0,1067090000.0,True,6.91287,30.0307,0.006858005952380952,0.02979236111111111,0.073732,True
cfloat,sbL,0,1024,3,2,2,0,0,0,0.0170242,0.0029476,0.17314176290222155,0.0632305776482889,0.0632305776482889,0.01679949789659384,1907.93,1907.93,True,8.66201,50.0285,0.00859326388888889,0.04963144841269841,0.147464,True
cfloat,sbL,0,1024,3,2,2,0,0,1,0.015006,0.00296641,0.19768159402905505,0.04381626275531703,0.002460735705717713,0.04381626275531703,4985.47,4985.47,True,9.82698,49.7112,0.009748988095238095,0.04931666666666666,0.147464,True
cfloat,sbL,0,1024,3,2,2,0,1,0,0.0151345,0.00295833,0.19546929201493277,0.058598235818824534,0.058598235818824534,0.01975959409531729,73043800.0,415500000.0,True,11.9087,60.9236,0.011814186507936508,0.06044007936507936,0.147464,True
cfloat,sbL,0,1024,3,2,2,0,1,1,0.0162238,0.00298732,0.18413195428937734,0.06278183902661522,0.06278183902661522,0.0038089993706733796,170805000.0,1067960000.0,True,11.1091,60.3324,0.011020932539682539,0.05985357142857143,0.147464,True
cfloat,sbL,0,1024,3,2,4,0,0,0,0.0177403,0.0029442,0.16596111677931039,0.03635682598377705,0.03635682598377705,0.015528666530806331,1907.93,1907.93,True,16.6247,100.172,0.016492757936507937,0.09937698412698412,0.294928,True
cfloat,sbL,0,1024,3,2,4,0,0,1,0.0157144,0.00359138,0.22854070152217074,0.13933947396265503,0.017390100799266915,0.13933947396265503,4985.47,4985.47,True,18.768,82.121,0.01861904761904762,0.08146924603174603,0.294928,True
cfloat,sbL,0,1024,3,2,4,0,1,0,0.0166681,0.00386644,0.23196645088522386,0.023172194576923474,0.001541561425717388,0.023172194576923474,69960600.0,396057000.0,True,21.626,93.2289,0.02145436507936508,0.09248898809523809,0.294928,True
cfloat,sbL,0,1024,3,2,4,0,1,1,0.0169718,0.00382208,0.2252018053476944,0.027873884914976613,0.027873884914976613,0.025158055299732085,166297000.0,956568000.0,True,21.239,94.311,0.02107043650793651,0.0935625,0.294928,True
cfloat,sbL,0,1024,3,2,8,0,0,0,0.0193854,0.00388551,0.20043486335076913,0.052493752428896076,0.005698515377552178,0.052493752428896076,1907.93,1907.93,True,30.4279,151.809,0.03018640873015873,0.15060416666666668,0.589856,True
cfloat,sbL,0,1024,3,2,8,0,0,1,0.0164885,0.00385849,0.2340109773478485,0.04339417751503827,0.006208205719137581,0.04339417751503827,4985.47,4985.47,True,35.7738,152.872,0.03548988095238095,0.15165873015873016,0.589856,True
cfloat,sbL,0,1024,3,2,8,0,1,0,0.0149977,0.00299501,0.19969795368623192,0.08983375681550311,0.0025040172826500066,0.08983375681550311,69060000.0,410586000.0,True,48.0693,240.71,0.047687797619047616,0.2387996031746032,0.589856,True
cfloat,sbL,0,1024,3,2,8,0,1,1,0.0152476,0.00393901,0.2583363939242897,0.03556502776078254,0.0019668144494871323,0.03556502776078254,177386000.0,978744000.0,True,47.2813,183.023,0.046906051587301587,0.1815704365079365,0.589856,True
cfloat,sbL,0,1024,3,2,16,0,0,0,0.0176838,0.00301563,0.17053065517592372,0.0989428411310406,0.0016850111401395629,0.0989428411310406,1907.93,1907.93,True,66.7115,391.199,0.06618204365079365,0.388094246031746,1.179712,True
cfloat,sbL,0,1024,3,2,16,0,0,1,0.0177024,0.00389752,0.22016901663051336,0.026525072353701842,0.00170278041395517,0.026525072353701842,4985.47,4985.47,True,66.6415,302.682,0.0661125992063492,0.3002797619047619,1.179712,True
cfloat,sbL,0,1024,3,2,16,0,1,0,0.0167848,0.00393834,0.23463729088222682,0.04674205233306325,0.04674205233306325,0.025249597546174278,63992500.0,364003000.0,True,85.9027,366.107,0.08522093253968253,0.3632013888888889,1.179712,True
cfloat,sbL,0,1024,3,2,16,0,1,1,0.0167491,0.00392938,0.23460245625138065,0.0337842102316396,0.0022916873145422743,0.0337842102316396,167335000.0,945121000.0,True,86.0856,366.943,0.08540238095238095,0.36403075396825396,1.179712,True
cfloat,sbL,0,1024,3,2,32,0,0,0,0.0214822,0.00296707,0.13811760434219958,0.05923082367453413,0.0010676885980020667,0.05923082367453413,1907.93,1907.93,True,109.832,795.205,0.10896031746031745,0.7888938492063492,2.359424,True
cfloat,sbL,0,1024,3,2,32,0,0,1,0.021598,0.00375689,0.1739461987221039,0.01858997734828542,0.0011059033243818873,0.01858997734828542,4985.47,4985.47,True,109.243,628.026,0.10837599206349206,0.6230416666666666,2.359424,True
cfloat,sbL,0,1024,3,2,32,0,1,0,0.0200606,0.00298988,0.14904240152338413,0.02317213399868891,0.0012161550501979003,0.02317213399868891,56757500.0,410800000.0,True,143.75,964.492,0.14260912698412698,0.9568373015873015,2.359424,True
cfloat,sbL,0,1024,3,2,32,0,1,1,0.0201517,0.00399991,0.19848995370117656,0.002469860571862867,0.001092002163589176,0.002469860571862867,147831000.0,943925000.0,True,143.1,720.944,0.1419642857142857,0.7152222222222222,2.359424,True
cfloat,sbL,0,1024,3,2,64,0,0,0,0.0301029,0.00297319,0.09876756060047372,0.03363205849609342,0.0010790388965847145,0.03363205849609342,1907.93,1907.93,True,156.757,1587.13,0.15551289682539682,1.5745337301587303,4.718848,True
cfloat,sbL,0,1024,3,2,64,0,0,1,0.0303171,0.00478872,0.1579544217619759,0.0008405962344843716,0.0007065220618067032,0.0008405962344843716,4985.47,4985.47,True,155.65,985.408,0.15441468253968255,0.9775873015873016,4.718848,True
cfloat,sbL,0,1024,3,2,64,0,1,0,0.0284717,0.00322153,0.1131484948211733,0.09053648421712665,0.004127361555509506,0.09053648421712665,45721900.0,397598000.0,True,202.567,1790.28,0.2009593253968254,1.7760714285714285,4.718848,True
cfloat,sbL,0,1024,3,2,64,0,1,1,0.029043,0.00490839,0.1690042350996798,0.029869331680611507,0.029869331680611507,0.0006266209490280927,115683000.0,869621000.0,True,198.582,1175.01,0.19700595238095236,1.1656845238095237,4.718848,True
cfloat,sbL,0,1024,3,2,128,0,0,0,0.0485408,0.00374358,0.07712233832157689,0.0005207577955039884,0.0005207577955039884,0.0004972860203334776,1907.93,1907.93,True,194.428,2521.04,0.19288492063492063,2.501031746031746,9.437696,True
cfloat,sbL,0,1024,3,2,128,0,0,1,0.0486665,0.00633694,0.1302115418203487,0.001584155759719991,0.0005581375278682461,0.001584155759719991,4985.47,4985.47,True,193.926,1489.32,0.19238690476190476,1.4775,9.437696,True
cfloat,sbL,0,1024,3,2,128,0,1,0,0.0463233,0.00425778,0.09191443614768378,0.0020957658685981898,0.0005238076734602242,0.0020957658685981898,35663100.0,349624000.0,True,249.007,2709.13,0.24703075396825397,2.6876289682539682,9.437696,True
cfloat,sbL,0,1024,3,2,128,0,1,1,0.0464717,0.00644509,0.1386884921360742,0.010054553155968343,0.0005114790291725933,0.010054553155968343,93029100.0,789138000.0,True,248.212,1789.71,0.24624206349206348,1.7755059523809524,9.437696,True
cfloat,sbM,0,1024,16,12,1,0,0,1,0.0160578,0.0140424,0.8744909016179053,0.023574088604914743,0.023574088604914743,0.0008670455192844528,152420.0,152420.0,True,24.7429,28.2941,0.024546527777777778,0.02806954365079365,0.397316,True
cfloat,sbM,0,1024,16,12,2,0,0,1,0.019845,0.0141703,0.7140488788107835,0.014185638699924414,0.014185638699924414,0.0001915943910855804,152420.0,152420.0,True,40.0419,56.0774,0.039724107142857144,0.05563234126984127,0.794632,True
cfloat,sbM,0,1024,16,12,4,0,0,1,0.0221166,0.0150372,0.6799055912753317,0.001649200148304893,0.001649200148304893,0.0008267563110153487,152420.0,152420.0,True,71.8583,105.689,0.07128799603174603,0.10485019841269841,1.589264,True
cfloat,sbM,0,1024,16,12,8,0,0,1,0.0312581,0.0174695,0.5588791385272938,0.01792959264958523,0.01792959264958523,0.0006692406766078022,152420.0,152420.0,True,101.687,181.947,0.10087996031746031,0.1805029761904762,3.178528,True
cfloat,sbM,0,1024,16,12,16,0,0,1,0.0391514,0.0281775,0.7197060641509626,0.001106289941100446,0.001106289941100446,0.0004463596841451513,152420.0,152420.0,True,162.371,225.607,0.16108234126984128,0.22381646825396825,6.357056,True
cfloat,sbM,0,1024,16,12,32,0,0,1,0.0697418,0.0506268,0.7259175989148544,0.002737196344229716,0.002737196344229716,0.0007262161542898228,152420.0,152420.0,True,182.302,251.134,0.18085515873015873,0.249140873015873,12.714112,True
cfloat,sbM,0,1024,16,12,64,0,0,1,0.13397,0.0785818,0.5865626632828245,0.009216242442337836,0.009216242442337836,0.002615020271869568,152420.0,152420.0,True,189.805,323.589,0.18829861111111112,0.3210208333333333,25.428224,True
cfloat,sbM,0,1024,16,12,128,0,0,1,0.257954,0.140081,0.5430464346356327,0.010066818483591635,0.0007545647673616226,0.010066818483591635,152420.0,152420.0,True,197.153,363.05,0.19558829365079364,0.3601686507936508,50.856448,True
cfloat,sbS,0,2048,16,25,1,0,0,1,0.0265306,0.0180224,0.679306159679766,0.013488424686965239,0.013488424686965239,0.0007137284712357955,636766.0,636766.0,True,46.0076,67.7276,0.04564246031746031,0.06719007936507936,1.220612,True
cfloat,sbS,0,2048,16,25,2,0,0,1,0.0359532,0.0243382,0.6769411345860731,0.005840926537832516,0.005840926537832516,0.0006778110131398378,636766.0,636766.0,True,67.9001,100.304,0.06736121031746031,0.0995079365079365,2.441224,True
cfloat,sbS,0,2048,16,25,4,0,0,1,0.0510186,0.0405455,0.7947199648755552,0.019037703896226083,0.019037703896226083,0.0039246772144874275,636766.0,636766.0,True,95.6993,120.419,0.09493978174603174,0.11946329365079365,4.882448,True
cfloat,sbS,0,2048,16,25,8,0,0,1,0.091675,0.0772603,0.842763021543496,0.015037251158985545,0.015037251158985545,0.0004757385099462466,636766.0,636766.0,True,106.516,126.39,0.10567063492063493,0.12538690476190475,9.764896,True
cfloat,sbS,0,2048,16,25,16,0,0,1,0.163537,0.120486,0.7367507047334855,0.007719818070149229,0.005699315751175576,0.007719818070149229,636766.0,636766.0,True,119.421,162.091,0.11847321428571429,0.1608045634920635,19.529792,True
cfloat,sbS,0,2048,16,25,32,0,0,1,0.315743,0.217787,0.689760343063821,0.004763557703575376,0.004763557703575376,0.0037539338895342697,636766.0,636766.0,True,123.707,179.348,0.12272519841269841,0.17792460317460318,39.059584,True
cfloat,sbS,0,2048,16,25,64,0,0,1,0.620351,0.459791,0.7411787842689058,0.0035934152691114007,0.0003611439330314612,0.0035934152691114007,636766.0,636766.0,True,125.927,169.901,0.12492757936507937,0.16855257936507936,78.119168,False
cfloat,sbS,0,2048,16,25,128,0,0,1,1.24158,0.942952,0.7594774400360831,0.011014272137115613,0.011014272137115613,0.0012162124901373558,636766.0,636766.0,True,125.838,165.691,0.12483928571428571,0.16437599206349207,156.238336,False
cfloat,sbT,0,2048,16,25,1,1,0,0,0.0193498,0.00877416,0.45344964805837784,0.009622698925025302,0.003025741868133004,0.009622698925025302,108964.0,108964.0,True,63.0814,139.114,0.06258075396825397,0.13800992063492065,1.220612,True
cfloat,sbT,0,2048,16,25,2,1,0,0,0.0204249,0.0105836,0.5181714475958267,0.04865786368599112,0.04865786368599112,0.000894262821724177,108964.0,108964.0,True,119.522,230.662,0.1185734126984127,0.2288313492063492,2.441224,True
cfloat,sbT,0,2048,16,25,4,1,0,0,0.0261493,0.0150991,0.5774188984026342,0.0010722559622758972,0.000947011965903485,0.0010722559622758972,108964.0,108964.0,True,186.715,323.361,0.18523313492063492,0.3207946428571428,4.882448,True
cfloat,sbT,0,2048,16,25,8,1,0,0,0.037266,0.0531082,1.4251113615628186,0.00615467181881608,0.00615467181881608,0.0020095766755416303,108964.0,108964.0,True,262.033,183.868,0.259953373015873,0.18240873015873016,9.764896,True
cfloat,sbT,0,2048,16,25,16,1,0,0,0.0647135,0.126741,1.9584939772999452,0.050420391417555846,0.050420391417555846,0.0035866057550437507,108964.0,108964.0,True,301.789,154.092,0.2993938492063492,0.15286904761904763,19.529792,True
cfloat,sbT,0,2048,16,25,32,1,0,0,0.109591,0.239091,2.1816663777134986,0.012984369154401366,0.012984369154401366,0.005640237399149277,108964.0,108964.0,True,356.413,163.367,0.3535843253968254,0.1620704365079365,39.059584,True
cfloat,sbT,0,2048,16,25,64,1,0,0,0.221877,0.438245,1.9751709280367051,0.006682494951454096,0.002558624823663561,0.006682494951454096,108964.0,108964.0,True,352.084,178.255,0.34928968253968257,0.17684027777777778,78.119168,False
cfloat,sbT,0,2048,16,25,128,1,0,0,0.43528,0.794843,1.8260498989156404,0.03254410953868774,0.03254410953868774,0.0040829195199555135,108964.0,108964.0,True,358.938,196.565,0.3560892857142857,0.1950049603174603,156.238336,False
double,sbB,0,4096,16,50,1,0,0,1,0.0637758,0.0455466,0.7141674428231399,0.006099445244120811,0.006099445244120811,0.0010806119446896147,887381.0,887381.0,True,63.9682,89.5703,0.06346051587301588,0.0888594246031746,4.07962,True
double,sbB,0,4096,16,50,2,0,0,1,0.111861,0.0906962,0.8107937529612644,0.002166672914631484,0.0018850001340949929,0.002166672914631484,887381.0,887381.0,True,72.9407,89.9623,0.07236180555555556,0.0892483134920635,8.15924,True
double,sbB,0,4096,16,50,4,0,0,1,0.196066,0.16881,0.8609855864861832,0.0014371719684852793,0.000982755806718146,0.0014371719684852793,887381.0,887381.0,True,83.2296,96.6679,0.08256904761904763,0.09590069444444445,16.31848,True
double,sbB,0,4096,16,50,8,0,0,1,0.374348,0.29037,0.7756686291899516,0.0061592154893307825,0.0061592154893307825,0.00326253056445225,887381.0,887381.0,True,87.1834,112.398,0.08649146825396826,0.11150595238095237,32.63696,True
double,sbB,0,4096,16,50,16,0,0,1,0.732928,0.574725,0.7841493298113867,0.004234044817499127,0.004234044817499127,0.0023217190830397143,887381.0,887381.0,True,89.0591,113.574,0.08835228174603174,0.11267261904761905,65.27392,True
double,sbB,0,4096,16,50,32,0,0,1,1.45568,1.15817,0.7956212903934929,0.006184886501981575,0.0008735298966805891,0.006184886501981575,887381.0,887381.0,True,89.6819,112.719,0.08897013888888888,0.11182440476190475,130.54784,False
double,sbB,0,4096,16,50,64,0,0,1,2.9081,2.3111,0.7947113235445824,0.010677108765173136,0.010677108765173136,0.0045053437756912285,887381.0,887381.0,True,89.7823,112.975,0.08906974206349207,0.112078373015873,261.09568,False
double,sbB,0,4096,16,50,128,0,0,1,5.8411,4.62808,0.7923302117751793,0.004018832069302015,0.004018832069302015,0.0010664962576273532,887381.0,887381.0,True,89.3995,112.831,0.08868998015873016,0.11193551587301588,522.19136,False
double,sbL,0,1024,3,2,1,0,0,0,0.0147159,0.00387127,0.2630671586515266,0.05567139465860041,0.0012132387417691068,0.05567139465860041,874.683,874.683,True,5.01037,19.046,0.004970605158730159,0.01889484126984127,0.073732,True
double,sbL,0,1024,3,2,1,0,0,1,0.0147325,0.00382878,0.25988664517223825,0.02088116841395954,0.0011529136263363313,0.02088116841395954,2210.61,2210.61,True,5.00471,19.2573,0.0049649900793650795,0.019104464285714287,0.073732,True
double,sbL,0,1024,3,2,1,0,1,0,0.0135482,0.0028913,0.21340842325917833,0.02900297444056307,0.001963271873754447,0.02900297444056307,34130100.0,170259000.0,True,6.65151,31.168,0.006598720238095238,0.03092063492063492,0.073732,True
double,sbL,0,1024,3,2,1,0,1,1,0.0136613,0.00357906,0.2619853161851361,0.0024997569194145954,0.002108423063690864,0.0024997569194145954,86134200.0,439195000.0,True,6.59644,25.1787,0.006544087301587302,0.02497886904761905,0.073732,True
double,sbL,0,1024,3,2,2,0,0,0,0.015669,0.00285341,0.1821054311060055,0.013746184389905413,0.0013040717339970643,0.013746184389905413,874.683,874.683,True,9.4112,51.6799,0.009336507936507936,0.051269742063492066,0.147464,True
double,sbL,0,1024,3,2,2,0,0,1,0.0156861,0.00335321,0.213769515685862,0.012650654149307676,0.000945843772511969,0.012650654149307676,2210.61,2210.61,True,9.40095,43.977,0.009326339285714285,0.04362797619047619,0.147464,True
double,sbL,0,1024,3,2,2,0,1,0,0.0144333,0.00284158,0.19687666715165622,0.015828623512271343,0.008985748234984376,0.015828623512271343,32639700.0,193063000.0,True,12.4873,63.4267,0.012388194444444443,0.0629233134920635,0.147464,True
double,sbL,0,1024,3,2,2,0,1,1,0.0143258,0.00356827,0.2490799815717098,0.002535021172725158,0.0013163941978807465,0.002535021172725158,83127800.0,439690000.0,True,12.5809,50.5096,0.012481051587301588,0.05010873015873016,0.147464,True
double,sbL,0,1024,3,2,4,0,0,0,0.0159044,0.00283274,0.17811045999849098,0.013645622259720273,0.0012182477804884185,0.013645622259720273,874.683,874.683,True,18.5438,104.114,0.018396626984126984,0.10328769841269841,0.294928,True
double,sbL,0,1024,3,2,4,0,0,1,0.0160267,0.00335096,0.20908608759133196,0.0015404855647138836,0.0015404855647138836,0.0010119368777902452,2210.61,2210.61,True,18.4023,88.0129,0.01825625,0.08731438492063492,0.294928,True
double,sbL,0,1024,3,2,4,0,1,0,0.0147783,0.00284906,0.19278672107075917,0.013983881772599014,0.013983881772599014,0.01350933290278197,32079900.0,193056000.0,True,24.3915,126.52,0.024197916666666666,0.12551587301587303,0.294928,True
double,sbL,0,1024,3,2,4,0,1,1,0.0147576,0.00353867,0.239786279611861,0.0015699503984387706,0.0015699503984387706,0.0005935478583761696,81076300.0,440769000.0,True,24.4257,101.864,0.024231845238095236,0.10105555555555557,0.294928,True
double,sbL,0,1024,3,2,8,0,0,0,0.0167743,0.00285293,0.17007743989316992,0.04046946817452889,0.04046946817452889,0.01623534401474975,874.683,874.683,True,35.1642,206.754,0.03488511904761905,0.20511309523809523,0.589856,True
double,sbL,0,1024,3,2,8,0,0,1,0.0183817,0.00347701,0.18915606282335148,0.10877938384371413,0.10877938384371413,0.0004065705879476907,2210.61,2210.61,True,32.0892,169.645,0.031834523809523806,0.16829861111111113,0.589856,True
double,sbL,0,1024,3,2,8,0,1,0,0.0156723,0.00284026,0.18122802651812434,0.014600705569208453,0.0011702877050592446,0.014600705569208453,30876300.0,192833000.0,True,46.0,253.825,0.04563492063492063,0.25181051587301584,0.589856,True
double,sbL,0,1024,3,2,8,0,1,1,0.0157868,0.00371739,0.23547457369447894,0.04024495147845035,0.04024495147845035,0.0021405609849921583,77504000.0,432758000.0,True,45.6666,193.934,0.045304166666666666,0.19239484126984127,0.589856,True
double,sbL,0,1024,3,2,16,0,0,0,0.019135,0.00285176,0.14903370786516854,0.025650378886856548,0.025650378886856548,0.012073561590035628,874.683,874.683,True,61.6522,413.678,0.06116289682539683,0.41039484126984127,1.179712,True
double,sbL,0,1024,3,2,16,0,0,1,0.0222474,0.00380987,0.17125012360994993,0.050498934706976986,0.050498934706976986,0.024231377973526654,2210.61,2210.61,True,53.0271,309.647,0.05260625,0.3071894841269841,1.179712,True
double,sbL,0,1024,3,2,16,0,1,0,0.0176521,0.00385035,0.21812418918995474,0.029114236368122378,0.0008528560341262512,0.029114236368122378,28280200.0,167768000.0,True,81.6816,374.474,0.08103333333333333,0.3715019841269841,1.179712,True
double,sbL,0,1024,3,2,16,0,1,1,0.0178804,0.00392787,0.2196746157804076,0.055994979467243064,0.0017402630813628328,0.055994979467243064,70854400.0,416081000.0,True,80.6388,367.084,0.07999880952380953,0.36417063492063495,1.179712,True
double,sbL,0,1024,3,2,32,0,0,0,0.0228931,0.00385859,0.1685481651676706,0.024360401079150676,0.001048259082430951,0.024360401079150676,874.683,874.683,True,103.062,611.473,0.10224404761904762,0.6066200396825396,2.359424,True
double,sbL,0,1024,3,2,32,0,0,1,0.0271574,0.004098,0.15089809775604437,0.015405758906783798,0.010374299454292383,0.015405758906783798,2210.61,2210.61,True,86.8797,575.75,0.08619017857142858,0.5711805555555556,2.359424,True
double,sbL,0,1024,3,2,32,0,1,0,0.0261924,0.00292494,0.11167132450634534,0.014693737307431948,0.002103022250729219,0.014693737307431948,21982500.0,188718000.0,True,110.097,985.903,0.10922321428571428,0.9780783730158731,2.359424,True
double,sbL,0,1024,3,2,32,0,1,1,0.0217164,0.00444094,0.2044970621281612,0.11136921462573238,0.024573962535226833,0.11136921462573238,60013600.0,402552000.0,True,132.79,649.348,0.1317361111111111,0.6441944444444444,2.359424,True
double,sbL,0,1024,3,2,64,0,0,0,0.032736,0.00371076,0.11335410557184751,0.09406725306945209,0.0010506048387096774,0.09406725306945209,874.683,874.683,True,144.149,1271.67,0.14300496031746032,1.261577380952381,4.718848,True
double,sbL,0,1024,3,2,64,0,0,1,0.0326981,0.0049116,0.15021056269324518,0.001428056030621386,0.0010112024857713445,0.001428056030621386,2210.61,2210.61,True,144.316,960.756,0.14317063492063492,0.9531309523809524,4.718848,True
double,sbL,0,1024,3,2,64,0,1,0,0.0313956,0.0037677,0.1200072621641249,0.040997690898956926,0.006067092204003108,0.040997690898956926,19862300.0,166193000.0,True,183.702,1530.76,0.1822440476190476,1.5186111111111111,4.718848,True
double,sbL,0,1024,3,2,64,0,1,1,0.0314147,0.00517418,0.16470569510452113,0.005847771902962626,0.005847771902962626,0.00045401590203665126,50198500.0,373390000.0,True,183.59,1114.65,0.18213293650793652,1.1058035714285714,4.718848,True
double,sbL,0,1024,3,2,128,0,0,0,0.0512481,0.00452041,0.08820639204185131,0.01121201395448643,0.0012625677830007357,0.01121201395448643,874.683,874.683,True,184.157,2087.8,0.18269543650793652,2.0712301587301587,9.437696,True
double,sbL,0,1024,3,2,128,0,0,1,0.0513173,0.00685993,0.13367675228431736,0.007344666782314105,0.001058270797567292,0.007344666782314105,2210.61,2210.61,True,183.909,1375.77,0.18244940476190474,1.3648511904761904,9.437696,True
double,sbL,0,1024,3,2,128,0,1,0,0.0492992,0.00507119,0.10286556374139945,0.0040626361859839605,0.0032653065364143838,0.0040626361859839605,15894700.0,148812000.0,True,233.976,2274.58,0.2321190476190476,2.256527777777778,9.437696,True
double,sbL,0,1024,3,2,128,0,1,1,0.0494094,0.00740005,0.14977008423498364,0.021980662292822344,0.002740895457139734,0.021980662292822344,40153500.0,334271000.0,True,233.454,1558.75,0.2316011904761905,1.5463789682539681,9.437696,True
double,sbM,0,1024,16,12,1,0,0,1,0.0194681,0.0115836,0.5950041349695142,0.0012208690113570406,0.0012208690113570406,0.0009432559825960842,53883.0,53883.0,True,20.4085,34.3,0.020246527777777776,0.034027777777777775,0.397316,True
double,sbM,0,1024,16,12,2,0,0,1,0.0203024,0.0116652,0.5745724643391914,0.036925979194577976,0.036925979194577976,0.025668655488118506,53883.0,53883.0,True,39.1397,68.1197,0.03882906746031746,0.06757906746031746,0.794632,True
double,sbM,0,1024,16,12,4,0,0,1,0.0264787,0.0123833,0.46767024060848905,0.0012344286256490596,0.000842307212967404,0.0012344286256490596,53883.0,53883.0,True,60.0206,128.339,0.05954424603174603,0.1273204365079365,1.589264,True
double,sbM,0,1024,16,12,8,0,0,1,0.0378507,0.0156496,0.4134560259123345,0.008694407524792967,0.0006897732406534093,0.008694407524792967,53883.0,53883.0,True,83.9754,203.106,0.08330892857142856,0.2014940476190476,3.178528,True
double,sbM,0,1024,16,12,16,0,0,1,0.0588678,0.0263256,0.4471986383048118,0.0044531135867146385,0.0044531135867146385,0.0006594265657762785,53883.0,53883.0,True,107.989,241.478,0.10713194444444445,0.23956150793650793,6.357056,True
double,sbM,0,1024,16,12,32,0,0,1,0.105289,0.0512622,0.4868713730779094,0.03909278272184179,0.03909278272184179,0.0019090753030498104,53883.0,53883.0,True,120.754,248.021,0.11979563492063493,0.24605257936507935,12.714112,True
double,sbM,0,1024,16,12,64,0,0,1,0.194802,0.0802218,0.4118119937166969,0.0015470991057586676,0.0015470991057586676,0.0013775931230662988,53883.0,53883.0,True,130.534,316.974,0.12949801587301588,0.31445833333333334,25.428224,True
double,sbM,0,1024,16,12,128,0,0,1,0.375598,0.133782,0.35618400523964455,0.004242797984781211,0.0035983418442057736,0.004242797984781211,53883.0,53883.0,True,135.401,380.145,0.1343263888888889,0.37712797619047617,50.856448,True
double,sbS,0,2048,16,25,1,0,0,1,0.0270375,0.0159377,0.5894664817383264,0.0012710742453428037,0.0008051742949607028,0.0012710742453428037,223176.0,223176.0,True,45.1452,76.5866,0.044786904761904764,0.07597876984126985,1.220612,True
double,sbS,0,2048,16,25,2,0,0,1,0.0397019,0.0220916,0.5564368455917726,0.0007491102440941113,0.0007491102440941113,0.0006906969164750403,223176.0,223176.0,True,61.4888,110.504,0.061000793650793646,0.10962698412698413,2.441224,True
double,sbS,0,2048,16,25,4,0,0,1,0.0628744,0.0378699,0.6023103202575293,0.0007564859465855738,0.0007564859465855738,0.0004930828969709453,223176.0,223176.0,True,77.654,128.927,0.0770376984126984,0.12790376984126983,4.882448,True
double,sbS,0,2048,16,25,8,0,0,1,0.108129,0.0729816,0.6749493660350137,0.0013690869239519462,0.0013690869239519462,0.0004198414394861171,223176.0,223176.0,True,90.3076,133.8,0.08959087301587301,0.13273809523809524,9.764896,True
double,sbS,0,2048,16,25,16,0,0,1,0.198005,0.114987,0.5807277594000152,0.005213650238722638,0.0009970960329284614,0.005213650238722638,223176.0,223176.0,True,98.6326,169.844,0.09784980158730158,0.16849603174603173,19.529792,True
double,sbS,0,2048,16,25,32,0,0,1,0.378098,0.195941,0.5182280784346915,0.004115453121092573,0.0005441790223698618,0.004115453121092573,223176.0,223176.0,True,103.305,199.344,0.10248511904761906,0.19776190476190475,39.059584,True
double,sbS,0,2048,16,25,64,0,0,1,0.738374,0.399043,0.5404347932077782,0.0029783145126995266,0.0029783145126995266,0.0023283280247993325,223176.0,223176.0,True,105.799,195.766,0.1049593253968254,0.19421230158730157,78.119168,False
double,sbS,0,2048,16,25,128,0,0,1,1.47023,0.807364,0.5491412908184434,0.001788697539152105,0.0006195173544275386,0.001788697539152105,223176.0,223176.0,True,106.268,193.517,0.10542460317460317,0.1919811507936508,156.238336,False
double,sbT,0,2048,16,25,1,1,0,0,0.023251,0.0079186,0.3405702980516967,0.012435607304321472,0.0008289707969549696,0.012435607304321472,48901.2,48901.2,True,52.4971,154.145,0.052080456349206355,0.152921626984127,1.220612,True
double,sbT,0,2048,16,25,2,1,0,0,0.033254,0.00915576,0.2753280808323811,0.014064151965538632,0.0005676520117880555,0.014064151965538632,48901.2,48901.2,True,73.4115,266.633,0.07282886904761905,0.26451686507936506,2.441224,True
double,sbT,0,2048,16,25,4,1,0,0,0.0527487,0.0116827,0.22147844401852557,0.001957920686142758,0.000546002081567887,0.001957920686142758,48901.2,48901.2,True,92.5606,417.922,0.09182599206349205,0.41460515873015874,4.882448,True
double,sbT,0,2048,16,25,8,1,0,0,0.09007,0.0453251,0.5032208282446986,0.003101532141667592,0.003101532141667592,0.0029667005698829126,48901.2,48901.2,True,108.414,215.441,0.10755357142857143,0.2137311507936508,9.764896,True
double,sbT,0,2048,16,25,16,1,0,0,0.164792,0.104401,0.6335319675712413,0.0034658097144663366,0.0006865806592553037,0.0034658097144663366,48901.2,48901.2,True,118.512,187.065,0.11757142857142858,0.18558035714285714,19.529792,True
double,sbT,0,2048,16,25,32,1,0,0,0.313377,0.195445,0.6236737220663928,0.005068801964747115,0.0004744126084556301,0.005068801964747115,48901.2,48901.2,True,124.641,199.85,0.12365178571428571,0.19826388888888888,39.059584,True
double,sbT,0,2048,16,25,64,1,0,0,0.61461,0.377354,0.6139730886253072,0.011828802004523194,0.011828802004523194,0.002006031471774514,48901.2,48901.2,True,127.104,207.018,0.1260952380952381,0.205375,78.119168,False
double,sbT,0,2048,16,25,128,1,0,0,1.21705,0.745661,0.6126790189392384,0.0018212029326999802,0.00044253481779713244,0.0018212029326999802,48901.2,48901.2,True,128.374,209.53,0.12735515873015874,0.2078670634920635,156.238336,False
float,sbB,0,4096,16,50,1,0,0,1,0.0482151,0.0390116,0.8091158164143599,0.030786828192827558,0.030786828192827558,0.0005329824975135601,887381.0,887381.0,True,45.1949,55.8571,0.044836210317460316,0.05541378968253968,2.179076,True
float,sbB,0,4096,16,50,2,0,0,1,0.0816608,0.0663014,0.8119122026725184,0.01614728241702261,0.01614728241702261,0.000384365940990688,887381.0,887381.0,True,53.369,65.7324,0.05294543650793651,0.06521071428571429,4.358152,True
float,sbB,0,4096,16,50,4,0,0,1,0.147803,0.119767,0.8103150815612674,0.009638437650115357,0.009638437650115357,0.0010144113153038817,887381.0,887381.0,True,58.9726,72.7773,0.05850456349206349,0.07219970238095237,8.716304,True
float,sbB,0,4096,16,50,8,0,0,1,0.279951,0.170401,0.6086815192658716,0.005533424099623829,0.001189375997942497,0.005533424099623829,887381.0,887381.0,True,62.2701,102.304,0.061775892857142856,0.1014920634920635,17.432608,True
float,sbB,0,4096,16,50,16,0,0,1,0.545936,0.360531,0.6603905952346063,0.002809467147069184,0.0005498721461856336,0.002809467147069184,887381.0,887381.0,True,63.8632,96.7051,0.06335634920634921,0.09593759920634921,34.865216,True
float,sbB,0,4096,16,50,32,0,0,1,1.08327,0.737444,0.6807573365827541,0.0020206280070079897,0.0010374144950012463,0.0020206280070079897,887381.0,887381.0,True,64.3704,94.5569,0.06385952380952381,0.09380644841269842,69.730432,True
float,sbB,0,4096,16,50,64,0,0,1,2.12058,1.50788,0.7110696130303974,0.0033546502374194234,0.0008545397957162663,0.0033546502374194234,887381.0,887381.0,True,65.7653,92.4881,0.06524335317460317,0.09175406746031746,139.460864,False
float,sbB,0,4096,16,50,128,0,0,1,4.26266,3.0275,0.7102372696860645,0.0020288587943848063,0.000364220932469397,0.0020288587943848063,887381.0,887381.0,True,65.4337,92.1293,0.06491438492063492,0.09139811507936509,278.921728,False
float,sbL,0,1024,3,2,1,0,0,0,0.0156836,0.00290205,0.18503723634879748,0.02366299684705639,0.001682196689535566,0.02366299684705639,874.683,874.683,True,2.87307,15.5269,0.0028502678571428568,0.015403670634920635,0.04506,True
float,sbL,0,1024,3,2,1,0,0,1,0.015598,0.00289515,0.18561033465828952,0.013886430754883168,0.0023456789331965638,0.013886430754883168,2210.61,2210.61,True,2.88884,15.564,0.0028659126984126983,0.01544047619047619,0.04506,True
float,sbL,0,1024,3,2,1,0,1,0,0.0146315,0.00288205,0.19697570310631174,0.01676639891743724,0.0016881522742029185,0.01676639891743724,32016800.0,191687000.0,True,3.63955,18.4771,0.0036106646825396823,0.01833045634920635,0.04506,True
float,sbL,0,1024,3,2,1,0,1,1,0.0147327,0.00290978,0.19750487011885126,0.014781701709407584,0.008035390661589524,0.014781701709407584,81359500.0,477254000.0,True,3.61454,18.301,0.0035858531746031743,0.018155753968253967,0.04506,True
float,sbL,0,1024,3,2,2,0,0,0,0.0170505,0.00287404,0.16856045277264597,0.013741666782647422,0.0021820181226356998,0.013741666782647422,874.683,874.683,True,5.28547,31.3566,0.005243521825396826,0.031107738095238095,0.09012,True
float,sbL,0,1024,3,2,2,0,0,1,0.0148029,0.00290016,0.19591836734693877,0.010722684265695684,0.0015490815988758958,0.010722684265695684,2210.61,2210.61,True,6.08801,31.0741,0.00603969246031746,0.030827480158730162,0.09012,True
float,sbL,0,1024,3,2,2,0,1,0,0.0137304,0.00289871,0.21111620928742061,0.009826681523850264,0.0009630382217561032,0.009826681523850264,34193000.0,191617000.0,True,7.75682,36.7419,0.007695257936507937,0.03645029761904762,0.09012,True
float,sbL,0,1024,3,2,2,0,1,1,0.0137293,0.00291694,0.21246094119875011,0.059049894752720315,0.0010494271375816684,0.059049894752720315,85745400.0,481109000.0,True,7.75743,36.5122,0.007695863095238096,0.036222420634920635,0.09012,True
float,sbL,0,1024,3,2,4,0,0,0,0.0151502,0.00287753,0.1899334662248683,0.00996191177850448,0.0019332550065345672,0.00996191177850448,874.683,874.683,True,11.8969,62.6371,0.01180248015873016,0.06213998015873016,0.18024,True
float,sbL,0,1024,3,2,4,0,0,1,0.0153993,0.00377939,0.2454260907963349,0.03609153858162296,0.001528387653984272,0.03609153858162296,2210.61,2210.61,True,11.7044,47.6902,0.011611507936507936,0.047311706349206346,0.18024,True
float,sbL,0,1024,3,2,4,0,1,0,0.0142885,0.00301195,0.21079539489799487,0.17089128305582765,0.03819617174650943,0.17089128305582765,32961400.0,182842000.0,True,14.9076,70.721,0.014789285714285715,0.07015972222222222,0.18024,True
float,sbL,0,1024,3,2,4,0,1,1,0.0142707,0.00289602,0.20293468435325526,0.0048300771403512405,0.0014096155058966973,0.0048300771403512405,83128000.0,480366000.0,True,14.9263,73.552,0.014807837301587301,0.07296825396825397,0.18024,True
float,sbL,0,1024,3,2,8,0,0,0,0.0161348,0.00288586,0.17885935989290228,0.01160880985217578,0.001714691226417433,0.01160880985217578,874.683,874.683,True,22.3418,124.913,0.022164484126984126,0.12392162698412698,0.36048,True
float,sbL,0,1024,3,2,8,0,0,1,0.0162503,0.00291271,0.179240383254463,0.006529520618255851,0.001593429044386873,0.006529520618255851,2210.61,2210.61,True,22.183,123.761,0.022006944444444444,0.12277876984126984,0.36048,True
float,sbL,0,1024,3,2,8,0,1,0,0.0149954,0.002908,0.19392613734878694,0.01254484181568088,0.0015271149819277912,0.01254484181568088,31750900.0,191715000.0,True,28.4098,146.498,0.0281843253968254,0.14533531746031744,0.36048,True
float,sbL,0,1024,3,2,8,0,1,1,0.0148512,0.0030103,0.2026974251238957,0.0015646345076492135,0.0015646345076492135,0.0007558914393914227,80758300.0,472780000.0,True,28.6856,141.519,0.02845793650793651,0.14039583333333333,0.36048,True
float,sbL,0,1024,3,2,16,0,0,0,0.0180294,0.00286602,0.15896369263536222,0.013718257374337933,0.001477481225110098,0.013718257374337933,874.683,874.683,True,39.988,251.554,0.03967063492063492,0.2495575396825397,0.72096,True
float,sbL,0,1024,3,2,16,0,0,1,0.0177278,0.00302878,0.17084917474249486,0.006771241225840107,0.0017754825753900656,0.006771241225840107,2210.61,2210.61,True,40.6684,238.036,0.04034563492063492,0.2361468253968254,0.72096,True
float,sbL,0,1024,3,2,16,0,1,0,0.0167278,0.00287515,0.1718785494805055,0.011558423038797975,0.0016149224644005785,0.011558423038797975,29287900.0,191121000.0,True,50.9351,296.343,0.05053085317460317,0.29399107142857145,0.72096,True
float,sbL,0,1024,3,2,16,0,1,1,0.0166773,0.00318934,0.1912383899072392,0.0017011806467473753,0.0017011806467473753,0.0008670634049677989,74586300.0,460949000.0,True,51.0894,267.15,0.05068392857142857,0.2650297619047619,0.72096,True
float,sbL,0,1024,3,2,32,0,0,0,0.0212741,0.00289318,0.13599541226185832,0.012177119985621359,0.0011876131070174532,0.012177119985621359,874.683,874.683,True,67.7782,498.386,0.06724027777777777,0.4944305555555556,1.44192,True
float,sbL,0,1024,3,2,32,0,0,1,0.021307,0.00325177,0.1526151030177876,0.005178964071874702,0.0009703759327920402,0.005178964071874702,2210.61,2210.61,True,67.6736,443.426,0.06713650793650792,0.439906746031746,1.44192,True
float,sbL,0,1024,3,2,32,0,1,0,0.019935,0.00290694,0.14582091798344618,0.04537073348607127,0.0012793077501881112,0.04537073348607127,26265000.0,191289000.0,True,85.4812,586.205,0.08480277777777778,0.5815525793650794,1.44192,True
float,sbL,0,1024,3,2,32,0,1,1,0.0200166,0.00349751,0.17473047370682335,0.0010086678057212514,0.0010086678057212514,0.0006427429800057755,65867700.0,440682000.0,True,85.1323,487.222,0.08445664682539683,0.4833551587301587,1.44192,True
float,sbL,0,1024,3,2,64,0,0,0,0.0295403,0.00358088,0.12122016364085673,0.09918762985634817,0.0008353537370981338,0.09918762985634817,874.683,874.683,True,97.6238,805.345,0.09684900793650794,0.798953373015873,2.88384,True
float,sbL,0,1024,3,2,64,0,0,1,0.0297402,0.00361423,0.12152675503190967,0.0039403967096726,0.0008164739981573762,0.0039403967096726,2210.61,2210.61,True,96.9677,797.912,0.09619811507936507,0.7915793650793651,2.88384,True
float,sbL,0,1024,3,2,64,0,1,0,0.0282466,0.00291597,0.10323260144583772,0.1259903222598312,0.0008499075994987007,0.1259903222598312,21072900.0,191051000.0,True,120.656,1168.78,0.1196984126984127,1.1595039682539683,2.88384,True
float,sbL,0,1024,3,2,64,0,1,1,0.0284058,0.0037992,0.13374733329108845,0.0007215110998458062,0.0007215110998458062,0.00043562065698041696,53081300.0,427667000.0,True,119.98,897.065,0.11902777777777779,0.8899454365079366,2.88384,True
float,sbL,0,1024,3,2,128,0,0,0,0.0480599,0.00318459,0.0662629343798052,0.09709004926850866,0.0005832159451018416,0.09709004926850866,874.683,874.683,True,120.01,1811.12,0.11905753968253968,1.7967460317460315,5.76768,True
float,sbL,0,1024,3,2,128,0,0,1,0.0487332,0.00421024,0.08639367002372099,0.000794757543512959,0.0006466659279505552,0.000794757543512959,2210.61,2210.61,True,118.352,1369.92,0.11741269841269841,1.359047619047619,5.76768,True
float,sbL,0,1024,3,2,128,0,1,0,0.0464051,0.00334405,0.07206212248222717,0.02026264559441396,0.0004984215097047522,0.02026264559441396,16321600.0,178560000.0,True,146.886,2038.32,0.1457202380952381,2.0221428571428572,5.76768,True
float,sbL,0,1024,3,2,128,0,1,1,0.0470564,0.00439494,0.09339728496017545,0.0005766229460817232,0.0005766229460817232,0.0005299867574983959,40967100.0,402998000.0,True,144.853,1550.93,0.14370337301587302,1.5386210317460318,5.76768,True
float,sbM,0,1024,16,12,1,0,0,1,0.0177478,0.0175977,0.9915426137324063,0.0018172280508006627,0.0018172280508006627,0.00041842115731033033,53883.0,53883.0,True,13.1552,13.2674,0.013050793650793651,0.013162103174603175,0.233476,True
float,sbM,0,1024,16,12,2,0,0,1,0.0185494,0.0180201,0.9714653843250994,0.0020644549149837726,0.0020644549149837726,0.00016821438282806422,53883.0,53883.0,True,25.1735,25.9129,0.024973710317460318,0.025707242063492064,0.466952,True
float,sbM,0,1024,16,12,4,0,0,1,0.0188057,0.0179639,0.955236976023227,0.011994927069984099,0.011994927069984099,0.00030222613129665606,53883.0,53883.0,True,49.6608,51.9877,0.04926666666666667,0.0515750992063492,0.933904,True
float,sbM,0,1024,16,12,8,0,0,1,0.0225151,0.0189562,0.8419327473562187,0.013465407659748347,0.013465407659748347,0.0003623980544623923,53883.0,53883.0,True,82.9582,98.533,0.08229980158730159,0.09775099206349207,1.867808,True
float,sbM,0,1024,16,12,16,0,0,1,0.0308381,0.0206476,0.6695483833310093,0.005545438695054148,0.0019966534903252797,0.005545438695054148,53883.0,53883.0,True,121.136,180.923,0.12017460317460317,0.17948710317460317,3.735616,True
float,sbM,0,1024,16,12,32,0,0,1,0.0471265,0.0253582,0.5380879123210932,0.0033048497130064827,0.0033048497130064827,0.0009093547649281099,53883.0,53883.0,True,158.536,294.628,0.15727777777777777,0.2922896825396825,7.471232,True
float,sbM,0,1024,16,12,64,0,0,1,0.0794383,0.0399511,0.5029198761806333,0.0018812461998809137,0.0018812461998809137,0.000676121558605395,53883.0,53883.0,True,188.102,374.019,0.186609126984127,0.37105059523809525,14.942464,True
float,sbM,0,1024,16,12,128,0,0,1,0.171561,0.0395437,0.23049352708366122,0.0025525498219292264,0.0025525498219292264,0.0013306013347258855,53883.0,53883.0,True,174.194,755.744,0.17281150793650793,0.7497460317460318,29.884928,True
float,sbS,0,2048,16,25,1,0,0,1,0.0221486,0.0217686,0.9828431593870492,0.0013104665757655112,0.0013104665757655112,0.0005081401651920657,223176.0,223176.0,True,30.6991,31.2349,0.03045545634920635,0.03098700396825397,0.67994,True
float,sbS,0,2048,16,25,2,0,0,1,0.0274013,0.0239478,0.8739658337378154,0.029022856579797307,0.029022856579797307,0.0032622913169476943,223176.0,223176.0,True,49.6283,56.7852,0.049234424603174606,0.056334523809523813,1.35988,True
float,sbS,0,2048,16,25,4,0,0,1,0.0360284,0.030382,0.8432791908605433,0.021937915644325033,0.021937915644325033,0.006229774208412876,223176.0,223176.0,True,75.4893,89.5187,0.07489017857142857,0.08880823412698412,2.71976,True
float,sbS,0,2048,16,25,8,0,0,1,0.0609178,0.0446485,0.7329302765365788,0.011133051423393492,0.011133051423393492,0.000505627288710707,223176.0,223176.0,True,89.2928,121.83,0.08858412698412699,0.12086309523809524,5.43952,True
float,sbS,0,2048,16,25,16,0,0,1,0.109364,0.0818337,0.7482690830620679,0.00461669287882667,0.00461669287882667,0.00035981753238580196,223176.0,223176.0,True,99.4759,132.941,0.09868640873015873,0.1318859126984127,10.87904,True
float,sbS,0,2048,16,25,32,0,0,1,0.214906,0.0782491,0.36410849394619044,0.002439491316833037,0.0013429452877071837,0.002439491316833037,223176.0,223176.0,True,101.244,278.062,0.10044047619047619,0.27585515873015876,21.75808,True
float,sbS,0,2048,16,25,64,0,0,1,0.424369,0.16142,0.38037651195068445,0.004864229959112873,0.0009577938068049269,0.004864229959112873,223176.0,223176.0,True,102.543,269.583,0.10172916666666668,0.2674434523809524,43.51616,True
float,sbS,0,2048,16,25,128,0,0,1,0.840495,0.340214,0.4047781366932582,0.0026568718512465683,0.0007205337330977579,0.0026568718512465683,223176.0,223176.0,True,103.549,255.816,0.10272718253968255,0.2537857142857143,87.03232,False
float,sbT,0,2048,16,25,1,1,0,0,0.0159532,0.0103843,0.6509226988942658,0.08801243637640097,0.08801243637640097,0.0011241489556349487,48901.2,48901.2,True,42.6209,65.4775,0.04228263888888889,0.0649578373015873,0.67994,True
float,sbT,0,2048,16,25,2,1,0,0,0.0181534,0.0103209,0.5685381250895148,0.020728348408562584,0.020728348408562584,0.0003273600170527764,48901.2,48901.2,True,74.9103,131.759,0.07431577380952381,0.13071329365079365,1.35988,True
float,sbT,0,2048,16,25,4,1,0,0,0.0220022,0.0106761,0.48522874985228753,0.001422371399223714,0.001422371399223714,0.0006706419010687422,48901.2,48901.2,True,123.613,254.753,0.12263194444444445,0.25273115079365077,2.71976,True
float,sbT,0,2048,16,25,8,1,0,0,0.0291768,0.0117312,0.40207287982232465,0.027535290507364973,0.0011662896547942202,0.027535290507364973,48901.2,48901.2,True,186.433,463.681,0.184953373015873,0.46000099206349204,5.43952,True
float,sbT,0,2048,16,25,16,1,0,0,0.0455026,0.0186184,0.40917222312571155,0.001169268035921454,0.0008537490165397143,0.001169268035921454,48901.2,48901.2,True,239.086,584.316,0.23718849206349207,0.5796785714285715,10.87904,True
float,sbT,0,2048,16,25,32,1,0,0,0.0761407,0.0306774,0.4029040972830562,0.0007420087751895531,0.0005837049042102319,0.0007420087751895531,48901.2,48901.2,True,285.761,709.253,0.2834930555555556,0.703624007936508,21.75808,True
float,sbT,0,2048,16,25,64,1,0,0,0.138709,0.0563732,0.4064134266702233,0.0029477482207857634,0.0012543742655487388,0.0029477482207857634,48901.2,48901.2,True,313.723,771.93,0.3112331349206349,0.7658035714285714,43.51616,True
float,sbT,0,2048,16,25,128,1,0,0,0.265442,0.121705,0.4584994085336909,0.002958547307012859,0.0010724753430127862,0.002958547307012859,48901.2,48901.2,True,327.878,715.111,0.3252757936507936,0.7094355158730159,87.03232,False
